date,class4,class2,0,1,2,3,4,5,6,7,8,9
2000-01-01,nonevent,notevent,-454.3777518235447,-29.765309208326443,-18.19042482047374,-9.010195013791055,-1.3672633841255912,8.738402790548527,-7.681628779888402,-0.9774502848106719,-10.054745739576544,-4.0601878341407085
2000-01-20,nonevent,notevent,-444.4145615524748,93.92730715729427,60.611684806698534,-30.236360030783207,8.06106565460518,-7.763457657022153,4.2267319960184055,6.562863292765961,-12.347938441650566,-0.822540862462959
2000-01-23,nonevent,notevent,-405.9866615857535,-45.400724498860086,-17.29941746605752,-14.29854621878612,-3.4215489641285597,-0.6982352680735833,3.292904453121106,10.713115287002227,-5.454840990843931,-11.237967118830712
2000-02-17,nonevent,notevent,-443.5979722077528,9.080831585111845,7.192229610436989,-20.145730171413238,1.7532550178804056,2.791568991193179,11.11206200700955,-2.1998812702818915,-2.7014789081322133,2.0261390355214033
2000-03-25,Ib,event,74.59632447494332,-63.80315512031194,52.88494700225746,-9.751629213430489,2.6759446666326374,-3.240681420440488,5.4957584216594855,10.892833352976847,-2.744727364292893,-6.8243164910340575
2000-03-28,II,event,212.6419983313644,-62.62819367164379,57.0654128194827,-7.919276487534227,5.231085934962885,-0.22545260678956802,-9.511451847109008,16.859467338138497,-4.511250553937347,1.402208972599128
2000-04-08,II,event,337.21718060333984,-56.30570392548034,54.89896258225097,-6.256987552615968,9.732132551709725,7.060202703994848,-2.4917369552740145,6.871607772038995,-2.636682171115425,-7.4959979681952
2000-04-09,Ib,event,339.84011001820846,-61.21439977470142,63.099819120148496,-8.028798657885613,8.881220533245184,5.447722562248615,1.055946313656354,2.4704706773047054,-0.7941021756407456,-7.4859088600037555
2000-04-25,nonevent,notevent,37.02592909276361,18.033975640774226,-65.129010122833,6.535170985712938,3.8767971186414556,-3.0761603064458796,0.7602107664367267,0.5596566208247373,7.813368694561966,-9.218811167856687
2000-05-12,Ia,event,326.4531998210048,29.48925081355044,-62.99293536543526,12.819933337609427,6.181316332195353,-3.542311022783735,-9.506872126269526,9.859952406094525,-14.210178331190205,6.7909630914288845
2000-05-13,II,event,-14.002826383462134,57.16938203508295,-82.83107546501049,2.8988042594360564,5.322684592280882,-6.392815399970231,-8.914045984380408,16.6164068336987,-4.136026534395624,-0.17386914964825242
2000-06-10,Ib,event,484.7266739872799,-32.32020888101529,34.826468992676816,-3.1134186765654217,-9.019724533100266,5.028396897430689,2.7638993491104564,-1.5605947213525924,0.9269243073152058,-10.562652328696384
2000-06-15,Ib,event,380.87196805993085,16.765966552970845,-40.535228007810765,8.146828458487931,1.6267121501821398,-5.692235143467894,11.168699390371977,0.4227872641479333,-6.498978814950492,-3.578695973088578
2000-06-18,II,event,388.02386518331514,18.144142254444027,-43.85188550424653,9.250851211254858,0.6963209241428016,5.095009387305408,-5.6959474434456085,4.898704184835796,-8.56462453785231,-0.2524781101058259
2000-06-21,II,event,475.1078975004818,-36.83443197800267,40.55121286202048,-4.697932799607502,-12.979196735966145,1.5437609560677674,4.1295798326359625,-1.6567567167956456,1.2258019373829339,-1.6386954423603244
2000-06-25,nonevent,notevent,109.8059599831413,-4.676852528008893,-27.791889626181256,0.40815058761640105,-8.93989546848764,1.5103133494039174,6.793493253375381,9.277786957362645,8.276447332922817,-9.961066751943308
2000-06-28,II,event,258.8758016174258,15.209314692782717,-45.34457320280916,6.428132002528459,-2.850250560403525,4.033006650296369,6.520008974496441,2.277908522898873,4.024680215069791,-7.460450937947725
2000-07-02,nonevent,notevent,-4.361011394673323,33.29607947395436,-1.5501282175874083,-16.86906451848724,-8.879147154037591,8.190217086943766,6.417508931349021,5.248814665761572,6.361760571274401,-9.032777446787833
2000-07-05,II,event,272.57083963904,72.336703659795,-27.078518982593504,-16.58915639991012,3.8593129718244814,8.23051506618715,4.052124809856374,-2.671887479832266,-2.2639902624429546,-3.959243641405348
2000-07-08,II,event,92.44323244527502,80.29242704173897,-36.39786449272833,-18.015933799900036,3.0591758959037083,1.401641487196578,7.00814898582367,0.5087361706815376,-1.183790972084252,-6.734040492353614
2000-07-11,nonevent,notevent,322.3036877593267,8.43625848507034,-25.237315512295506,0.4487814624783541,-7.298719757869688,2.4198777500191975,12.137337087346044,5.767975180168952,-0.5595060458017768,-2.889257667311497
2000-07-12,nonevent,notevent,283.45171959585144,52.9124543974118,-55.15874435969761,-2.4757120109116806,1.2773315565674237,-1.0329251020160497,9.771731443614106,9.813611631197556,5.902042198224794,-9.393902082965662
2000-07-25,nonevent,notevent,-358.6725891983914,61.87737664041295,43.015967658076256,-31.4466081627477,-14.63041030189214,12.564804740354324,4.238705595493129,-1.325328494911607,3.57851812072254,-2.2599896970798343
2000-08-15,nonevent,notevent,-356.5347590353508,116.02245404168814,82.97106288023637,-6.692738169124944,-9.453006079874068,14.613500170294847,-2.9455537225401076,5.517821536744653,2.6568103059299335,-2.0812451100940437
2000-09-26,Ib,event,105.26495339728932,-50.388756978406384,46.24640875232129,-10.195334781959925,-12.723136303965532,21.09864470882777,-1.2898798172050334,0.8963422095445537,-3.455217743261511,-2.8565398578015735
2000-09-29,nonevent,notevent,-305.013057978547,36.54530842962434,15.029974478578168,-29.35854924382016,-10.705136440248834,8.693703730963854,-8.094654292130132,3.692875331507731,2.1784976970861285,-0.2733994463293159
2000-10-02,nonevent,notevent,-196.27708454737342,-7.057563631468193,-33.37676113158475,-1.711267463539542,-10.922197315647434,2.1358833661523144,-2.298152917086143,12.719041712409556,5.680312484113896,2.141301986137696
2001-05-16,Ib,event,408.9591455169712,-44.78410745369107,39.18555935969945,-11.025497762960423,-9.987873110247563,-9.586317747948243,4.545774750616096,3.3395738807742767,0.29935453166369164,-4.771124447564847
2001-05-23,Ib,event,224.15990185117533,101.79896793752528,-35.9777089797417,-17.27537797352848,9.367111192554033,-5.751673722253433,-10.833298964426698,5.40627026110587,-7.42953720432681,0.8347637395741699
2001-05-30,Ib,event,27.633262553929693,-14.186200346790429,-28.194974566365925,-3.022079405363091,-11.076906560035585,-5.827085177261906,1.1737712956101394,7.555065655670331,-6.309755985543875,6.0707604649295765
2001-06-03,II,event,-1.5185949242909458,85.52978284291419,28.069464997556235,-45.29282992717714,0.7342836782448775,-3.8448493423925756,-2.203001220504329,4.7986615893203055,-2.4016744187219268,-2.164340630086011
2001-06-04,Ib,event,195.83505836306261,141.2180152232302,-38.20586727662051,-28.67938086742132,17.029221185198722,-1.4204896879443765,-4.166992401357148,-2.230691088465094,-6.736303431226425,-6.7169233750045825
2001-06-07,nonevent,notevent,193.24423775801168,-29.456539602750134,6.245605982454843,-7.933173966483128,-12.096075650381561,-3.272937666188082,8.415682434021791,8.890460803399897,2.300823842951407,-5.995047362061068
2001-06-10,nonevent,notevent,-136.0666119400953,177.64970766942795,75.50210475907808,21.644222439081442,0.76906333445326,5.228003275275472,-0.43436654092829535,11.258161288032703,-9.448736538243832,-7.5952706107851355
2001-06-14,nonevent,notevent,-382.58452266343915,88.49929547457647,62.318724962574606,-37.00842894417589,-9.458548630053896,7.41856470593781,2.5380745647344445,-2.3165596959060277,-0.289300132199506,-0.9031884470297398
2001-06-21,nonevent,notevent,-292.36533114085717,-19.99148115303179,-27.638559799596962,-8.57584995589982,-18.578239879375587,12.696475228553517,10.117212281217542,-0.17548088598137804,2.366252006231765,-4.323746336548668
2001-06-22,nonevent,notevent,-211.40839314795574,-9.1992569261701,-46.7737844527701,-3.687626238462975,-16.765251572203322,15.295653905171195,10.09911647164854,-2.0587000876077655,2.1536145475495876,1.1574879521959793
2001-06-24,II,event,129.77489035294923,-32.230212958461244,6.132470864089825,-9.606891242422135,-20.106835552779483,2.4513439814960734,6.1973445897252075,8.89720472461207,1.0741279714063268,3.5854235246421795
2001-07-01,nonevent,notevent,276.31240998543177,0.16495562803996455,-30.524402543019153,-2.5395793464565757,-5.463204424891758,7.555149226577433,7.350368516296668,4.856324328819745,7.275831528177256,-10.130070063168434
2001-07-10,nonevent,notevent,-188.14732582858093,3.7192366844123512,-41.7221394026615,-11.287104481440695,-15.352262112929429,7.806794061989614,9.564297736005647,10.32536767655485,11.732340299779237,-5.103281207458248
2001-07-21,nonevent,notevent,-323.2503525186879,118.21131671280241,83.32431532557294,-27.169300865944802,-6.400089067628937,16.319789061133125,-8.21545915281739,-4.294289835471103,9.473389770007344,-1.2895676685092332
2001-07-31,Ib,event,305.8549194391268,77.14499048252864,3.9081522650697997,-37.41270878102617,2.4574332043832836,7.495203828861497,7.512891972235431,-7.823524257231168,-11.749232011679966,-1.8060784326462789
2001-08-01,Ib,event,189.66814994514277,-2.3167191089682158,-32.174951516065555,-3.3798881288502534,-10.354640262972618,3.8742629243617666,9.935891722132379,5.395115718654375,-6.372871081329381,1.852710116050441
2001-08-02,Ib,event,300.6044015912733,10.726999274105166,-45.35051718429223,0.8704696226403843,-5.565613090788865,5.035239286176742,6.692831288990651,5.0914459850815605,-10.954017625245166,3.822558018111736
2001-08-10,II,event,265.7409263937853,29.9084244801822,-71.33584149874602,2.4655948700641988,-2.1462942916391023,5.601086452284947,7.9613102658341415,8.585121014804987,-2.1986256325542657,-1.5983296172783235
2001-08-11,II,event,23.008444819025563,180.29016980588403,19.151824710974946,-40.819041048952904,13.104309114319525,12.13917484945503,-5.515967293650396,0.7513189463296283,-6.711521000803897,-0.8826258429729787
2001-08-22,nonevent,notevent,68.51897836083693,23.819203791506464,-75.01153217230959,0.010725700496375066,-8.27092660530878,19.095791217039046,0.38726863325792066,10.266820291982109,-6.642987545464851,-2.024974165303039
2001-08-25,nonevent,notevent,69.80533049054608,15.542584943195104,-67.34654607021432,-0.07823047710233262,3.2148022489260386,23.687913883685052,7.15216797052903,9.979597512173632,-1.028040863983088,5.149211292175316
2001-08-28,Ia,event,281.6081856026184,-50.74687150409488,42.0067594024853,-13.661306506742498,-20.443112749365913,10.4684532045672,21.179720630072712,-3.4741817529319845,-8.648274683523447,4.784078727966226
2001-09-02,Ib,event,-174.26189143990544,-36.65507983066774,-8.810653290543183,-12.02765556472201,-25.135710268367067,6.582403364639969,9.615906812384127,12.576043824148174,0.8869623040613136,5.307606316062813
2001-09-03,nonevent,notevent,-423.179409466153,160.3960313793789,118.834489545864,11.169972850101265,-15.150693158451226,14.440155286575255,5.883021809027039,16.152489091229317,-7.885546075883055,2.9608717622047016
2001-09-11,nonevent,notevent,-241.99223017313355,-15.815460999623049,-41.07511667003267,-5.9415713441844655,-18.67976516057521,11.318895923665202,10.886690157457293,3.3976257007951194,-1.4735405956177525,0.7428579889596666
2003-03-17,Ia,event,-14.29819345536377,-47.72195774519286,15.523210876241777,-10.088396285007553,8.271004645665391,2.1370812680257916,3.3248229058203775,10.731256466157182,1.9405345185974257,2.357742692590747
2003-03-21,Ia,event,133.59314750695802,-55.92866642719907,40.374851305574616,-7.69018105682842,16.234463816197596,5.4079265321198955,-7.828242653670037,12.469115869942645,-7.679822788001076,5.571616164375668
2003-03-25,Ia,event,178.30026385086117,-63.46148666691767,49.85703512117262,-13.072576864778306,12.541407799159584,2.7884365093863503,5.64080482108072,6.953747505004427,-1.1067038288804858,2.1078925093631296
2003-04-15,Ib,event,260.3793169236755,-32.822896572262565,8.924085866507022,-4.23952166968289,15.576077322749619,6.029685126059764,-12.899350219574877,9.268742452559035,2.1079943392371647,0.1459750730721967
2003-04-19,II,event,331.92985545010436,-54.1928511654739,45.947493677599034,-9.19958470990387,6.214887517966896,10.105240562917217,-11.266534317957685,1.9003989754355,3.1132964655851745,-8.826180300572203
2003-04-20,Ib,event,333.86917194142245,-57.69800203963258,49.97992322945804,-11.254394831806614,-0.7263947434779424,-2.6663886145860305,-11.121095970032169,10.018329033745097,3.926950585019436,0.8998354526900698
2003-04-25,II,event,299.82380881111135,-14.436424316152511,-10.383248129225894,-0.21010618337976442,6.6281214303729215,-5.553040804133921,-13.01108367340457,7.879173922235703,-8.962883368363041,-2.711552561729532
2003-04-26,Ib,event,397.55360262094905,-36.5066448815542,25.832032184387085,-4.644571501356155,2.6469572522531197,-8.491365353693626,-9.269421842065762,4.414750164602867,-7.51384261536116,0.7017694275484787
2003-04-27,Ib,event,362.3458522632496,-49.63844270581368,45.53153303771669,-8.068347192900552,-0.8175072353382752,-12.66924573322966,-0.4480017944013335,1.1488777929383103,-3.5301588048823223,-1.5195440398153868
2003-05-01,nonevent,notevent,-359.6636435708001,163.92432920857877,121.24707272819653,76.18054595212641,2.019915646615863,-0.4021281007506392,15.541450193091464,20.613905558597978,0.597682756457339,-11.356225523454189
2003-05-04,II,event,359.00896579936466,-8.284783117082817,-15.546648574419962,0.435138968880814,3.4147634392376864,-11.552957342269341,-2.672016107973725,4.560921957559074,-6.732577463999279,4.397453888306907
2003-05-05,II,event,219.1370515998016,-0.21053487400999624,-36.569394772727534,1.8128566612396508,1.1672168747437548,-6.070394228808831,-9.704244907499318,9.720826766480961,-1.646721324759221,4.0736170910724585
2003-05-10,Ib,event,346.319020855701,16.294446119430596,-39.34680606448245,0.46653085253869936,7.563846259574943,-6.485452378669889,0.6724186617625871,3.2660680469004224,-1.358852982217381,-1.4521920404708422
2003-05-17,nonevent,notevent,-271.90423467815197,93.48666014825174,60.0879233627348,-23.532167037747836,1.412571316349101,5.964162990144288,-1.1401648824894344,-0.1596230184542089,2.1376615258381584,-9.701852165166537
2003-05-28,Ia,event,384.8207380031817,50.82531736655923,-18.601122409830655,-18.07921623008228,11.795402728320322,1.179829808414523,-4.9385863193861255,1.8901108291586546,-6.324821179606537,-7.190725400756541
2003-05-29,Ib,event,243.9800494038068,-27.341354845364172,5.342148135096889,-6.203464000893793,-8.415412033899663,-1.5107081415792782,-0.0040732045050430755,9.837120801233496,0.5171237615310252,0.09890538430001848
2003-06-16,II,event,263.6488069859649,62.20810176763265,-34.066951541241274,-20.082989744721257,9.847277827924932,3.0609531966497894,1.9832019167756754,-2.9545884881068516,-6.295799453209753,-6.3131380672542345
2003-06-22,nonevent,notevent,-110.46648661021626,-18.56764379364643,13.832299113395026,-20.11493246621081,-17.566636326511073,3.6478643770765378,14.241274528668605,2.6518944530794344,0.9660191127608799,-0.5372852545522895
2003-06-25,II,event,332.23832630879224,8.464267466952126,-40.73430384239634,-0.355034333619946,-2.6705243691905225,-5.257893354543496,2.794259582748427,13.419035622787948,2.0494486325936245,3.4222250463552717
2003-06-27,Ib,event,386.9230430849078,-6.842007944112285,-14.619197192721026,-2.2567864849927877,-3.8503713435434355,1.646265260637197,3.388136030868297,5.464455886566294,0.640021433494882,-1.064675990792556
2003-06-30,II,event,240.49430887742218,33.22491968044591,-79.10662350087604,5.536859476296324,2.238970127899585,10.185823842409693,10.610055548791925,4.914393381505945,-2.5605599805060963,-4.515477215706015
2003-07-13,Ib,event,268.2209710657454,35.74914953351365,-80.22633869283582,6.745578305138629,3.370686643421434,18.41882587066496,8.804632828891704,-9.525273474854776,6.102546232041152,-5.446404146785008
2003-07-19,nonevent,notevent,254.2845038853924,-3.3198422486532553,-26.883974112314444,-2.6513738227006245,-3.601831795969832,15.534815838407159,4.7329845917324365,-2.8876772828262998,16.824901225585922,-11.05561547945418
2003-07-26,II,event,98.58808209473733,-28.11082630134503,2.558143119622475,-10.181954433193521,-14.568077548026526,4.280054822174373,4.680702828520951,7.146117627129941,17.09369629387581,-3.874655301553454
2003-08-06,nonevent,notevent,273.84646534873986,32.40289486328778,-62.24237048386342,-1.0621841983895635,1.266765587990751,13.383326949302447,6.908144058776019,-0.5992421271220623,0.5183210501112415,-8.989606788592264
2003-09-11,II,event,-132.03871020822706,21.783943535013336,-15.712535358928585,-22.008782330656388,-9.356176168095791,10.932929662354706,-6.854082781996793,7.590193219909992,-3.4644081212583218,5.505138005489292
2003-09-12,nonevent,notevent,-174.2369040144771,37.052413558798094,-25.91717339477336,-25.415106278822694,-4.0478623251990395,11.10867414574728,-10.17997801048115,-1.3654261109559493,3.2314834736189546,10.065041124103612
2003-09-14,II,event,47.39205400118315,-35.94927166413338,3.1173442749015097,-10.119458960893962,-13.720664626795228,8.747696459740293,2.3393514908781095,10.314693195286079,3.302701479778744,2.219460812517703
2003-09-17,II,event,127.09039473593249,-40.763208026088975,15.9057886210704,-11.001446519181524,-10.435043311244513,6.052810761345261,11.26819110818521,5.6628120124866586,-2.604898866613673,4.701137558394192
2003-09-20,Ia,event,131.53876590770736,-44.615622208317276,21.058522275544362,-10.657793817748122,-10.047623765550075,3.7506751389366593,4.293216537919498,12.559442542627455,-6.8106306795731015,6.731905494009994
2003-09-21,II,event,-289.4669460914571,46.88075249860717,31.42554527571951,-27.90044943174835,-14.24687638973937,4.553070240013846,0.17757222003141135,12.196759855259156,-3.966513283891287,4.069564068412041
2003-10-10,nonevent,notevent,-276.2778592010605,-29.52440211633542,-24.71559061044768,-8.232601868467835,-13.122761575427354,-1.6326199784252118,18.83844862690551,-1.1433528568802498,-1.1731286282148112,3.1484445129627225
2003-10-15,Ia,event,-92.63207541817361,-47.81906719295952,11.532226105476706,-9.849644045967889,-10.78185746038337,9.87527903500267,-7.005961511573249,11.148167064234054,-7.64770565129012,1.2426006015047222
2003-10-23,II,event,-219.83299647783258,-34.668890578621735,-14.121084160698688,-7.404495418718183,-7.780880084161854,1.126882622030549,-0.3123112527773504,6.71279268110687,-6.425299263456742,-1.9469896964064162
2003-11-18,nonevent,notevent,-453.6968504626228,-33.668234135579205,-21.23232860401129,-3.670020062280232,-9.404926513931986,0.6277934292168272,1.7345347758435976,-24.614470163411948,-1.804993147972243,10.76387231636574
2003-12-01,nonevent,notevent,-461.81685874446106,-5.606988011874985,-1.1757250841022167,-15.60147452441864,-14.123385647570617,12.307928538286117,-10.6709086073413,-1.919204735441094,-3.5536102771525964,1.9634696236882525
2003-12-02,nonevent,notevent,-417.1492008762997,-25.83324137841137,-20.782442909899604,-4.591110416403582,-12.998262524540172,15.768786157700779,-10.56598195782015,-6.577571186565989,-3.304433988459533,3.372919387355362
2003-12-05,Ib,event,-409.0290439567347,-43.08847770836733,-12.265169313259895,-8.94924450320453,-17.90069604482588,-16.621469404663344,8.411760571166809,12.393948104279591,-1.344164333653019,3.0234547278606407
2003-12-09,II,event,-390.541505106473,-43.99169848573148,-10.493486426964168,-8.115833994300061,-10.5713290644154,5.767917568352473,-1.5457830804902766,4.184951746436915,-4.462710066778983,-9.654929157223489
2003-12-29,nonevent,notevent,-473.0330988079037,19.722259936756686,16.438093814921828,13.442797573172864,-10.64253672464192,-10.084268746270768,18.111322548508383,-2.298411381476629,-2.841523865473288,-2.8167847038877296
2003-12-31,nonevent,notevent,-459.6020941925382,-38.706455466249494,-21.095603340880146,-6.971726516650046,-12.284604874795246,2.4344328793788823,-5.46605437885355,7.797645330807993,-1.797447041238397,-9.014732707705711
2004-01-07,nonevent,notevent,-419.46674615917993,-39.32401305329015,-14.502611492572829,-3.573778320970339,-3.0050563869840965,6.197545654142518,-0.8622775170573364,7.140971664284943,-2.0076485652943292,-6.442500511467466
2004-01-16,nonevent,notevent,-423.0409350747037,-40.718905858256115,-14.696521830008818,-4.771131476178423,1.8661258917720638,-8.212294787499944,15.571497331689503,-5.121362094951854,-2.3393286454886377,-1.3364154504521064
2004-01-22,nonevent,notevent,-316.9150695979113,-48.14430349561094,2.6075650733468456,-2.1681338750177632,47.57156994817823,15.977477300739997,12.708824434902368,18.500977866665405,-2.452195948278865,4.797358068710419
2004-01-31,nonevent,notevent,-447.5897240100724,-31.834170224649146,-17.846734557755006,-0.2142880019649226,-2.1219990564556133,-9.399794011742328,6.065760639353182,-3.389320982181182,0.14050953948983752,-7.7714662849550855
2004-02-03,nonevent,notevent,-414.65531966726394,-37.0820199441655,-15.94293317980715,-2.8550826055420364,-0.42063614375956265,2.1556018630700775,0.7386709309611736,6.941385493872544,-0.8823559227506945,-5.306377744706859
2004-02-20,II,event,-253.49363065602566,-40.81496710894799,-7.788234414812895,-8.334339644195152,1.7579188655537836,7.624169129371893,2.5273364222849297,3.044439180762365,2.879716756203486,-7.177513257785802
2004-02-25,nonevent,notevent,-400.52457087747945,-38.52362297173018,-13.113437884821716,-4.979896603564321,-3.560961379468812,-13.528861163024025,15.125184752627861,0.7658999285532718,0.1021407525577885,-3.413669009422944
2004-02-28,nonevent,notevent,-250.97874754842059,-24.083137357337446,-33.056526410390276,-3.7590252450562565,19.250265900250927,-1.6538370092979533,7.897636513031828,6.669703634637301,0.844301448152473,2.751236405908194
2004-03-01,Ib,event,-140.52052626622913,-25.693449011350342,-20.828147283465636,-5.983879458144308,13.550457208359305,-4.871278151560754,6.019971480489204,7.465207324702291,1.0338766735186473,0.062060099670733615
2004-03-07,II,event,23.805793660413954,-39.078733589597974,7.8013760567976425,-7.093276762440112,20.141212237104273,4.27191562033994,5.395094863320781,-3.679662274496679,-1.5074574203724551,-4.554258229162569
2004-03-09,Ib,event,42.203349936977745,-62.70714261844044,37.31013983898824,-11.445338622286197,12.068820971349135,16.96054882080626,-13.09002371337021,4.926606162114868,-3.437588816643626,-3.955624493005678
2004-03-14,nonevent,notevent,-273.34615837601075,-40.555986082321716,-2.4277629181444165,-5.505962139454635,1.4268682793139857,-1.3950073400174872,-11.813834767782504,11.32649438629611,2.844903465298888,-6.983910023507519
2004-03-22,nonevent,notevent,-310.9161300996255,-31.3443708546979,-5.144694926267311,-8.12958500556677,-1.5673892295424292,-13.794028724698093,14.79239710472252,-3.5892997195286953,1.0733583717987585,0.22685442901700117
2004-03-28,Ib,event,208.56407826911706,-53.62187384562638,39.660858484474275,-9.647723437755422,20.085521226542138,-6.4831312983315454,13.825424415768753,3.0932200022233625,1.554961205347192,-2.008432962524016
2004-03-29,Ib,event,101.1778519923888,-51.45288360964233,28.761316369280216,-9.504238581597164,10.758694146030711,-10.308484218342441,3.295551978864836,11.321658291862239,2.9191785988341987,7.116155652832865
2004-04-06,Ib,event,250.7941518074378,-60.57297790541785,48.771556001887156,-10.624399398360588,12.77555180986987,-16.30047368361235,3.2269120399523934,8.127887986888005,5.594423482326746,9.274259769770618
2004-04-11,Ib,event,70.51847246206836,34.11486869846359,-8.79635749052598,-14.393157523012325,20.124710781450375,-6.174828936509892,4.3148953109731725,1.0492414465925073,-3.9980608348461497,-3.3345810150310666
2004-04-13,Ia,event,317.52171979003606,-57.96627024660329,52.49233671916907,-8.393669537391842,9.689411089877147,-3.2260848766631196,-0.7603100868934255,3.4558187624524663,-3.374656646336744,6.862613182400217
2004-04-16,II,event,97.55940706777687,-58.17831839946004,38.913871350248044,-11.266480100108483,-3.266040643344819,5.455885341512403,0.33227388056200685,-1.832371051491849,1.245714755961088,2.318074031301829
2004-04-23,Ib,event,211.79971594520143,-40.524122145970416,20.63468731579924,-5.672328818584749,-7.2317589824529005,-7.2785905539801865,-8.493637728835548,6.0912814169178,-4.55591472555047,4.6744311842733755
2004-04-27,II,event,246.76230098888297,-5.101259039833225,-28.85787873782065,1.7595984614652336,-0.3225939707817347,-10.102464456291262,-17.701568618744094,15.953098540395414,-2.924870861808769,6.617032856782179
2004-04-28,Ia,event,361.1611445048083,-41.15429164844507,32.026712310988906,-5.0719173649867315,-6.434276347484143,-11.04365458647594,-9.326436602744188,8.736118689077838,-3.530440050940311,4.400634281209088
2004-04-30,II,event,354.23954345554523,-42.238355658369315,32.96148305568914,-7.273807171134393,-6.881839927858936,-12.135517910014658,-1.7046467561759822,6.606344035983145,0.5048969499528485,0.7628869494268686
2004-05-02,II,event,382.5645327399444,-40.06770447385403,32.751162657397835,-7.04710104124515,-4.729442354268754,-16.4467375285458,2.9745786472976636,4.677381608805707,3.8438922186329063,-2.5354242497803003
2004-05-04,nonevent,notevent,-223.7578270621838,90.18848378198443,35.94088617377747,-50.839137265791926,-0.9335845594373968,-12.720589802698475,-9.71994630635274,5.246222281494748,4.313827749520132,2.143279923728044
2004-05-11,Ia,event,408.8770123957783,-0.7472934936567533,-18.129167191682747,3.8720062369750763,3.0864019277953036,-6.004449107490735,2.207165843710871,-2.2874644482073623,-10.626768665499,-3.4748173725569607
2004-05-12,II,event,230.00556731614827,-4.840626067675492,-26.101513929509384,2.9027998502351346,-2.5650897906081465,-9.165074589769196,-6.244960855746386,8.229437305399003,-9.705959077455823,4.028019317793909
2004-05-13,Ia,event,303.3316466626601,-9.00845673118617,-15.02520408929803,2.1959992445876835,-1.8598158433362557,-8.251113768619312,-4.9624464269361,4.697289348977726,-9.417075203755154,3.549930472212536
2004-05-14,II,event,-36.841336757424905,23.37582777662374,-18.285709617109266,-14.292238919464438,-3.9132857733155957,-10.844931225087192,-5.058618352894737,9.657863344057438,-3.6594126320209464,1.471774986602568
2004-05-15,nonevent,notevent,-103.291278896035,72.44606653433931,-66.73953009482685,-6.7090458949656195,5.764761801061141,-8.401666901768666,-4.708059374619066,10.398379098169174,-5.138006901580654,-3.7126385311848327
2004-05-16,II,event,286.5755675081723,-0.7684411035758731,-26.9404594649737,3.8894867502544432,0.19905425234531848,-7.38588010783431,-4.087814262194077,3.3050203680860277,-9.178270988400229,1.8735196030278278
2004-05-21,II,event,12.94979989806648,120.40604832830927,-12.79933352572066,-16.495735376058384,11.4260566298958,-4.37392221805946,1.6710174614283009,-3.6996677451896627,-8.816051364833356,-4.581185203703815
2004-05-22,Ib,event,338.6195388368832,41.641220117527276,-67.32960986781171,6.9308959536685215,11.44567305428518,-6.930874071889189,6.000488352438787,-5.202134014867724,-8.693481066480118,-1.7717247978107713
2004-05-28,Ib,event,169.71024556330056,49.422379468711135,-24.02675531025799,-17.737306168286068,3.344835886043592,-2.6559939306992706,-7.770352520105305,0.9797269298419641,-3.81869751744069,3.2638083416575343
2004-06-04,II,event,489.42102223467793,-30.510548008943815,29.396381755282764,-3.536053175097752,-5.8297918357731895,-10.502688406036585,1.1550941220976052,1.7673247562625412,3.4762634344272327,-0.8382769016951072
2004-06-29,II,event,258.46593243352635,35.455550238489,-65.49243949359051,2.8518242072875943,2.3697368402581316,-2.871645612837771,8.254638364003712,5.986750634148191,1.6935100906493497,-3.9012234329777744
2004-07-01,nonevent,notevent,73.15594741181238,65.64019279539211,-89.03685406652127,2.2355460880437206,2.9504290884376445,7.5588810433961235,10.800283508476296,-1.8644716656330926,-1.0578143303551382,-0.9746243301315901
2004-07-03,nonevent,notevent,-66.96425863602704,120.70451000113712,17.350701637921123,-27.494103257818193,2.143598897148347,0.44271957940325335,3.4976404255875333,2.604710090182885,2.3315045396950627,-4.617475303082051
2004-07-16,Ib,event,390.55228528078453,7.980266716334301,-32.3262745561586,1.42265912288116,-1.904271717243956,-0.40587224580215847,12.40266624569605,-3.836266432661236,-2.501790163150741,0.9927425959503846
2004-07-18,II,event,439.49294094634877,-16.736887187472885,3.634895523091575,-3.1364661364972934,-7.896023651499244,6.099282922174327,2.2474672561687368,-2.904693788807809,-2.2942095366255644,2.946568883856219
2004-07-24,nonevent,notevent,105.42403251107795,28.228136936365352,-30.043533557790695,-17.752704218325647,-8.70646275661559,11.2522322363758,2.438305702756821,3.9998735412227235,2.180105126528959,4.459544808847743
2004-08-03,Ia,event,-193.73528304599816,50.22343090003117,39.908489919222966,-20.547258638015553,-19.001942275093352,20.702023219477283,1.4159088090341614,3.475981658077589,7.891024992724921,5.272895907817736
2004-08-10,II,event,216.8620671551621,47.22670834504326,0.9274387702311181,-35.00656504494009,-2.1830493614986035,14.010508947829019,-2.4506180178659727,-2.4419226009746935,0.7230239323909303,-1.4602303036087654
2004-09-22,nonevent,notevent,-307.92957417060796,33.02254484921949,25.59557470356867,-14.361732887181303,-10.080768219571738,-6.651142087063183,22.64681152840485,-3.928396539008346,1.2231305362159806,5.757526158154274
2004-10-15,nonevent,notevent,-141.89643553568433,-37.96384127354737,-6.039476940016151,-7.35189051358291,-8.219232961869594,13.52859638610195,0.7047931491763694,-4.239236861594187,-3.809397552787288,-0.2898030561683795
2004-11-13,II,event,-324.65997304355943,-25.819860589266607,-13.650947609525257,-13.11171931391122,-9.327696843276696,-8.412288519202527,15.540677774836102,-2.4099761899517773,-1.0883754189272896,-3.6415657660861522
2004-11-18,nonevent,notevent,-405.3494684042402,-37.16256681969596,-17.859226141603223,-6.55849548641385,-9.278656722901033,-14.228605833710605,20.342237918632787,-3.1609355512906663,-3.1839514420811232,-7.316947351342221
2004-11-19,nonevent,notevent,-439.48746612590895,-3.297555686344673,6.139480852718049,-14.88803730574608,-8.69517579210441,-12.86332203786126,9.614463011704713,-1.4366575110237843,-6.4753826258271605,-2.562112874849137
2004-12-06,nonevent,notevent,-443.8438228583014,-37.650283649442336,-21.432635378066156,-6.184381856634997,-9.978421428587243,-3.6041229099301164,6.68011984656905,-2.2246976147276736,-0.5379274420506149,-1.9120887085161578
2004-12-13,Ia,event,-428.2321564566763,-43.35380698000748,-13.162829025972242,-4.796521727289154,-10.408957229184358,7.199394483953608,-11.287366438812555,1.7994828090055217,-6.875597801095425,-1.2208841252053944
2004-12-20,Ia,event,-414.156509097386,-34.67949337539253,-22.768279372391785,-5.6114451604048385,-2.1310208594619486,-11.611027371175544,13.200045855049465,5.6986054773902675,-1.288614667286689,-1.2350784677032807
2004-12-24,Ia,event,-407.0837911828082,-41.33456363462888,-10.707209140094188,-6.173231917514105,4.934073952774458,-22.212353059931505,29.005960419190643,6.751636119737403,0.9617869265288785,4.2850562545638695
2004-12-25,Ia,event,-411.1648768226701,-37.17546796656491,-14.828094131850307,-1.9512612469357766,1.0627890717739286,-13.339705118481712,14.072974263834304,3.4408614725936397,-4.990020828272299,2.6706044060648604
2004-12-26,Ia,event,-436.59792364438675,-39.846674326732696,-17.1392735225803,-5.191425788083399,-1.7754883053056776,-11.082536385739346,12.134153771333782,4.474247354942187,-2.172015878766601,3.299308512908137
2004-12-28,Ia,event,-435.9914470849311,-38.49651800002457,-17.928973803992385,-4.413773344528639,-7.157134649214987,-5.173683774165661,3.904305612491021,6.646434778479595,-1.9197035385715313,-4.93591720896971
2004-12-29,Ia,event,-458.0835043372021,-37.27217478810753,-23.130055433334505,-3.9684187842842698,-9.187802834044254,7.494989198075595,-4.232569136060159,-12.72881987212771,-6.212893131522897,11.15060766274368
2005-01-17,nonevent,notevent,-454.9616662727659,-37.24480965433861,-23.168291830643646,-5.3155632523563385,-13.781663901125734,-5.656459734922292,3.309641650101212,-3.3695806739652805,1.3701372337214563,1.9834643859212102
2005-01-18,nonevent,notevent,-469.9361406070337,67.56108681186204,48.71095521753537,-12.235802941506963,-5.482729304131876,-8.859857616279896,-0.6874115645204684,-6.92985254589993,-3.322125461390393,5.570541057101919
2005-01-27,nonevent,notevent,-400.23086989238203,-28.750407133188727,-8.899571177919412,-5.304517268852336,2.437741808053403,2.3379961093018125,-7.765118835108297,4.872722291531129,-2.5565443666454097,3.4014766939322465
2005-01-30,nonevent,notevent,-434.53935897503203,-34.418019786705116,-16.45934475431789,2.0454534345631643,-3.500458184402316,-5.822603542152218,-1.0511161521939245,-4.57314093497018,-4.493872814532995,5.961506760587229
2005-02-14,nonevent,notevent,-337.5734239979627,-40.287396098480365,-0.20548974584045265,-3.942645450647734,-0.3623994887549726,-11.4027860563524,-1.5677309465572686,1.9092413257953127,-1.4997918781866655,-3.653227338287143
2005-02-20,nonevent,notevent,-342.6906102542964,-38.09342843067901,-15.885051197307956,-4.136068246482986,10.74655771460029,2.2661649865677873,-1.2415523833845432,-3.124354749080518,2.3278940295149213,-0.6037590715572995
2005-03-03,Ib,event,-10.15516596149281,-57.51982894479194,38.394839087929725,-6.593753002883742,10.539603246204113,-4.675986145983873,2.60056095903482,-0.06021666417722508,-7.531768045592263,-2.8199405079521864
2005-03-09,Ia,event,49.042571627722495,-59.78611448741805,46.06478258329692,-8.939459388821508,12.708963369742817,-0.04121514369153626,0.4949499747459813,3.870889071025048,-8.69488227113584,-8.13738893625159
2005-03-18,Ib,event,-53.26562570108131,-51.0389695979969,26.589966619853314,-5.630136272478128,26.047903342226636,-1.6513645679846956,8.70515539123087,2.7136480399154546,-0.47170007606499825,-7.214742498947752
2005-03-19,Ib,event,41.52111746290099,-18.02062309935177,-15.750326929621535,-0.9775301000558064,21.986645432985306,-0.3285748786075012,-2.7423346472411443,12.633475429456979,-5.5869246025579224,-5.722701568786488
2005-03-22,Ib,event,125.95435190757102,-47.43282092250926,26.056580855866944,-9.590362310185357,17.831910045791457,-2.8102778361286695,2.4125839722497813,7.17283331335881,-4.50405943376487,-0.5369445923914199
2005-03-23,II,event,-56.23860098838794,-42.59232818136731,5.434444193185854,-7.879871753789741,12.193050357169623,-1.7383189139435138,-0.1575397874951515,7.171762221290386,3.0200765043308877,-2.2883123297085946
2005-03-25,II,event,11.20043726113895,-31.97783586493976,-4.754679667932169,-7.477657556111066,11.545218294100254,-3.4167603729061065,5.545700181672885,5.543671147817331,3.6863868867409053,-2.377450008086593
2005-03-29,Ib,event,27.757191682476673,-35.73971054161413,-0.5604489082220805,-5.516424425517554,12.05011507964403,1.1608775637997581,-10.018452072478485,10.877755064338805,0.5160450005027556,0.121664813148327
2005-04-04,Ib,event,151.90422876629,-42.45381526263591,20.374554685088032,-8.771625228605764,9.721432644948955,-12.44565873048956,-5.637182620051274,15.668097862827064,9.924457977107542,3.9544826792961523
2005-04-05,Ib,event,90.16206469996158,31.967200389865912,25.395063564612627,-21.362065077062688,16.50777408215307,-19.531231948161146,-2.6894875836229515,13.209306116241477,6.6778964782258345,-0.01554690780923482
2005-04-12,Ib,event,45.44241060485759,-0.8213656796177318,3.4978674365275686,-11.138432198748992,-0.40717726457884623,-11.864604809051112,-0.110952796311026,2.2664113556573087,-1.3181669753429364,0.6726578553234073
2005-04-13,Ib,event,237.38195289621206,31.066852102258117,-22.6918446368013,-8.366748054783526,10.48221020437329,-12.141113208136648,0.32178887207100315,-1.4197440859095634,-4.56479281304511,-1.357569995518459
2005-04-17,II,event,224.2515662155554,-7.134170134967276,-19.222260841979583,5.5854392902090275,1.0541584748161803,-10.64306048387578,-6.140163517307969,1.6106201594960698,-2.8367269876694214,0.6589850575839351
2005-04-18,II,event,303.33376508577396,-20.21418867709101,6.068752815858496,3.731515571629944,1.6485762418397505,-11.270183553387955,-2.496259729142091,-3.4595603849959464,-4.9892190950814355,-2.9313727417228117
2005-04-30,Ib,event,280.93639919608216,-10.415810810064535,-9.569255122348533,6.325947226373033,1.4403912524408604,-3.4702298982887383,-6.4592261896108605,-3.974613209619759,-3.765620744864567,-4.724023457018273
2005-05-11,Ib,event,170.02997009691722,-10.720722069379732,-13.58874134626676,5.702163920077075,-3.507359150951238,-15.81082896449992,1.714525437714864,1.9873225260370373,-0.1118213480116588,0.7264599758235429
2005-05-16,Ib,event,-184.90331827291834,127.5811528024571,36.82971852123594,-13.6496458789438,6.473054440349455,-7.482280047740811,-6.430273983891036,3.2017800737931474,-1.0120239067656833,-4.77090374869123
2005-06-16,nonevent,notevent,162.0199905686621,37.980317838925906,-81.23888737637937,15.52026561849055,1.7092971003258854,13.279042851888411,-1.4262835971102474,0.5872652201011039,-1.883062875298178,-1.4077180684972377
2005-06-21,Ib,event,406.8173450880718,-12.534668323661748,4.20865118785922,3.7783475653593412,-8.182569248367274,-0.5849004892298871,2.0771799225415633,0.8903752049583562,2.9189187479165075,2.1602919203270337
2005-06-30,nonevent,notevent,-1.8231280785663948,49.49167265506785,-66.45611391127926,-0.6854227528865485,-4.8142126389983115,6.063433455479406,7.757006715423583,6.529164501078727,-1.246846611546159,2.142657874583013
2005-07-02,Ib,event,509.11822491000703,-27.18585961422654,32.99494971655539,0.349233564848035,-11.377670279990932,7.495363128300059,9.224772270561644,-7.466845187755089,-4.821541328186622,-1.6054923855616425
2005-07-05,nonevent,notevent,443.47893438390247,-14.516982544621417,10.164571578896904,2.2226559599874895,-12.42543428318131,3.915412987194438,5.836796134349215,2.1679076658340506,0.953453296041958,3.2229565120949726
2005-07-09,nonevent,notevent,445.77516230929075,-28.68856521991602,30.86435378688351,-0.21446896191965148,-15.240296545535273,10.596210176200307,3.384664213206341,0.3107015792939392,0.4157981410042095,-0.10599799738189991
2005-07-11,nonevent,notevent,429.24074181116794,-14.815628296830333,9.779068099573964,3.922422098945977,-11.23869977967461,6.9062870382885615,-2.629503658058242,3.6377656910252125,4.587399237607086,-0.16388714903009954
2005-07-17,nonevent,notevent,281.74376944307096,138.62985828022187,-52.06588234197326,-10.088776703460026,15.539920809807446,7.285301507203856,1.677144863357944,-7.735987174313136,1.5103867423616109,-3.355905912144167
2005-08-09,nonevent,notevent,197.75227638781277,65.90365289353022,11.002127240562599,-34.12911332005382,-2.317456871649701,9.154121304212438,8.609677187923086,-7.010628990690642,2.2042921738829317,-0.8680101382883012
2005-08-10,nonevent,notevent,-230.3538881635078,19.087448594670505,-17.79262543846863,-10.2588314032897,-14.245802809874487,-6.7364119303087175,12.358984258659973,6.5155694139174125,3.415469993748758,3.8964908747940155
2005-08-11,nonevent,notevent,-296.42041621771835,130.5425293847319,75.16149941818018,-7.882942789314406,-9.27049313432583,1.4217720663028612,7.192585224211375,2.5786955317583318,-1.1746859617875287,3.132331469629638
2005-08-13,nonevent,notevent,33.46209072374281,49.73715755605519,-16.464949133999706,-19.147360114937044,-4.372593919712991,4.953138975421128,7.090145811478584,-8.538396411459956,0.5555960505937666,0.8733213535534745
2005-08-24,nonevent,notevent,174.67616646586387,32.258730836615584,-74.76248403413592,10.044632685934483,-2.8946177065745315,10.836319828712647,7.651193342809334,5.284534540327801,1.2536723272651553,-2.876842540067709
2005-08-30,II,event,58.426683780235294,12.478535162414667,-19.88401032497683,-8.023794582547652,-10.471830796052107,-1.1229337453930244,7.0634363057491685,8.781335826448887,-4.149638936861032,7.302062913529162
2005-08-31,Ib,event,315.8680675166057,-54.64966599570224,57.77539991460266,-6.768235161299058,-16.994746972699303,13.04573737826836,8.155753012559353,-3.0533062617246904,-5.4571702594028055,-2.8885909574204556
2005-09-09,Ib,event,258.57244121485917,-37.35214874696718,29.066334311257325,-3.4131895776784904,-10.896547203460589,-2.4894736416326144,15.999239258927613,1.3886739906995915,-3.5898528919407884,5.169365250938722
2005-09-12,nonevent,notevent,-249.0909184138542,121.88498931878289,67.05602696148452,-18.24014792920976,-6.671769799078879,4.698459610156787,1.6652400825215126,7.419210941044352,-6.123039646826613,2.2461391021296926
2005-09-15,nonevent,notevent,-160.84801061336907,-11.399577252684535,-13.548436608749908,-7.57109821806948,-14.575501193945394,-4.596499055963474,21.507378467274076,4.313054503955597,-5.7835074032741955,2.1336862496422726
2005-09-24,nonevent,notevent,-222.15650948983898,-40.50361527124949,2.662055869279961,-4.632947988847525,-21.089511527547295,7.009034618169014,2.0048957367094133,9.575459872937794,8.620595398113277,-0.5271568549931336
2005-10-01,nonevent,notevent,-203.89456057106688,-26.274316831163183,-15.590299773617586,-0.5792006521079737,-8.765423558778792,13.513445861342618,4.439983046383515,8.179756338269309,3.641198940684812,-0.4639950564767699
2005-10-12,nonevent,notevent,-277.6581833778586,-33.21030825193634,-13.099929342443707,-2.6979423679128494,-17.31146511887273,12.386227037336813,-9.379900558488664,17.792330400216954,5.21221750331459,-1.2634555461530226
2005-10-19,nonevent,notevent,-336.2699166606021,-32.104832429018074,-18.685602172798582,-1.9379724286356186,-20.138433874317027,12.97374779905698,-1.280505877798308,4.225389381385845,-8.69585704910426,3.8674238671504533
2005-11-25,nonevent,notevent,-462.8142592143303,2.380403795121908,2.0207842879284916,-9.186505344377721,-14.042101389785408,-1.303468520821151,0.5205268647469822,-0.7297370759770313,-4.881691815185112,2.5988927034099407
2005-12-07,nonevent,notevent,-458.0984386569445,-35.306009886409825,-20.724151699407845,-0.8321578422749505,-15.465062994767154,8.538324381351261,-3.6637369067341052,5.298249853602894,-5.887500430687843,-0.872342420024426
2005-12-13,Ib,event,-423.78907330411596,-37.75685518619634,-16.189816626695155,-5.141553716021196,-20.53224714653049,-13.437573636511427,5.704531718852427,20.838047770364856,-2.6524534153714985,6.867613896950116
2005-12-27,nonevent,notevent,-442.5570847454881,-27.073886977891092,-7.234736323974357,1.48252215338996,-4.6849210187961345,13.98084086384741,-19.2264700559742,3.2455568565588284,-12.386816064272688,6.7849180999213745
2005-12-29,Ib,event,-452.732274566703,-36.2004863501919,-15.522746898261218,2.6912079561348285,-8.750930182169416,7.806226014359358,-11.140898827569101,13.738493887391483,-9.672615669398828,-4.781940187581925
2006-01-11,nonevent,notevent,-468.9506580494682,-15.903334037142898,-10.433273930703596,-2.5909665572880183,-11.602788595988084,3.8097188292401993,5.108425877952792,-14.465351934183646,-2.2151191937001964,5.798744464032728
2006-02-05,nonevent,notevent,-245.54702574942223,-49.02570672704532,17.275748913542312,6.178586772071403,42.94989925141363,19.47486066833594,-1.4782036380292731,13.30900207684704,-8.94569340709609,-2.13178478315807
2006-02-15,nonevent,notevent,-364.27822789818276,-36.15266613017616,-8.761402900368257,2.6697638321173214,12.192855866883551,10.063217223778526,3.6138511697352373,9.859345077015245,-2.0945049142304297,-4.838763132807995
2006-02-19,nonevent,notevent,-359.6238697882402,-24.49569219279596,11.459518086083163,-4.459487731248372,15.743030943680372,2.8317868572632006,2.22049414560595,0.7576831536413995,1.591908803269783,-0.03898983039068229
2006-02-22,nonevent,notevent,-328.2421335238232,-13.747454052104667,9.480854010935666,-10.980910665495285,15.321799874655358,10.055722725591036,0.6750105725184204,9.297974032051208,3.2068825837907777,-6.092254690375087
2006-03-07,nonevent,notevent,-52.18589776960937,-39.382086710599744,18.731220414471224,2.2919114344078397,31.276872352144522,5.571679111471868,11.559062278367746,-0.772752115482551,-6.635613319500403,-9.012967775321547
2006-03-20,Ia,event,73.68342335659878,-22.671600980355,2.143108110293376,2.1435137207514114,20.97164872649301,-5.998398461152486,20.016401647138405,7.392121511489236,-9.111138052072105,-5.73582606825915
2006-03-23,II,event,151.08701706882076,-45.01935408544825,33.186909348530286,-3.9830105363962374,20.417333628268285,-0.4160130852727067,13.562019968584456,7.945453548389643,-9.602456221686527,-3.3852827879016063
2006-03-28,nonevent,notevent,-257.61393882218914,-14.954980428150334,-4.22543843767006,0.16189096403960487,12.525667402653738,-5.158143198267653,19.213582986332796,6.332244581612964,1.0660561095494894,-12.71563630998989
2006-04-23,Ib,event,330.62037942074517,-54.56255505150134,53.33712737015228,-5.256670361845273,7.491598710101168,-3.6941121598414384,-0.3354571291977076,11.157029105607847,0.788981591838617,4.660806441589312
2006-05-06,Ia,event,423.8765398946503,-50.00250696937113,54.32168049004626,-4.148547749603239,-11.47670214083304,3.2599170796039325,-16.63287723994217,12.143793100619742,5.474243576956879,-1.8637504182543863
2006-05-08,II,event,316.3881059767431,-27.340059755419144,16.268779221453993,0.13806118728230032,-9.251922123094129,-4.468423135865938,-11.212291572331795,16.088405967274362,7.195092328645187,1.811774683306245
2006-05-09,Ib,event,438.0199184412285,-48.522783088776926,55.20500128393715,-3.2900811036384496,-9.460350332892354,-5.894487660640243,-3.960851097479071,7.294923036465709,3.5098086638876813,-1.9974175763406408
2006-05-15,Ib,event,321.67456680503375,51.125580548502654,4.296375055698734,-16.235725878241237,8.915141250811635,-4.311225242109954,-0.10039208755884758,-3.728944826416662,-11.393390185037648,-7.248137173573538
2006-05-17,Ia,event,434.4241022093611,-20.689819018835315,17.693688143407048,5.206874499373991,-5.164465025104294,-7.860126047545434,-2.7604853234888487,3.430077325892516,-8.93100361555574,5.039673660663829
2006-05-18,Ib,event,195.93585772934856,15.888799907715645,-49.77971411012307,11.00966190196756,-1.6587416451093258,-14.569923253265257,-6.436073626789496,18.71053171566576,-3.3818990218637794,6.0027036739045565
2006-05-23,nonevent,notevent,-341.33448567749946,91.95778577345,78.3003091482039,-12.24930088700321,-10.730987317448022,-3.4884097475914744,3.3667366848974405,8.091780278772822,3.1943406678765225,-4.289942325917325
2006-05-26,nonevent,notevent,-177.14857724709967,149.55480864096253,71.30485793620029,-9.074420415772762,3.2097049336887356,-1.7760929825763059,0.48305420006327426,3.1071540151211727,-4.62847813698995,-12.313757524633441
2006-06-08,Ib,event,267.08176692907324,29.20355314573218,-64.09744300682077,12.646731984617142,1.851228518296453,2.984032794029676,-3.3740837879669376,9.994221778980124,-3.8213170184136405,-0.3004829727263424
2006-07-03,Ib,event,466.66173465976635,-20.234077772377056,19.303634181272827,1.6877902958588158,-11.451905386175701,4.048293221411752,-1.3890627051022324,6.332187494226183,3.635600016403142,-0.08364463016346696
2006-07-04,nonevent,notevent,367.4426335371504,18.10890178941914,2.52324119811755,-10.199679777784024,-4.989186012155265,3.2573385532183785,1.277199540961969,4.695845000036113,5.495261429563705,-4.245246655723015
2006-07-08,nonevent,notevent,379.45557686064654,-28.830452944403646,27.555227174854803,-3.0540645913068705,-11.3302545244251,-11.918927703879005,7.179901774889046,21.71726367826532,19.34240946744959,-13.609541141424733
2006-07-13,II,event,365.7631811013695,10.595979604220641,-28.51872218404971,9.07794135833091,-3.9811134693883705,9.231334506157669,4.672741158523052,-0.244764340445701,2.3108371635754597,-3.019032245037827
2006-07-21,II,event,200.97810765503903,35.94042877397031,-8.657792773590085,-8.057898041276578,-5.152278182351621,13.428382769996615,1.1396738939466364,3.7148512979240986,-6.51989320567142,-0.7280230432945103
2006-07-23,nonevent,notevent,470.19732163711893,-24.593194015636016,28.16495481251414,0.44906301890572936,-12.523535117102439,9.880434765604242,10.662177958792167,-1.660885434123667,-1.9395786885693322,-0.7056599352581182
2006-07-28,Ib,event,448.51445202884554,-38.96102080018549,47.36141972636657,-2.406168587605644,-14.597655347279263,7.645439470162545,13.881277725507182,-2.67384244848011,-4.081056345075478,-1.4368020651328912
2006-07-30,nonevent,notevent,179.8854201842128,-10.368081235491978,-10.709227722616458,2.515579699892262,-14.139364726080176,10.992512017367336,12.562428720478934,5.718377198959748,-5.715600758456413,0.9693602037875757
2006-08-04,nonevent,notevent,453.5959463141179,-16.996538535092373,16.20749133461242,1.5079534139824913,-10.937567247744667,8.195110214238994,12.18332625273977,2.34079341823413,-2.695026313015793,1.6788597318094578
2006-08-07,Ib,event,417.1956963390563,-43.505351814665886,50.95610374576358,-2.482100414345758,-14.991034064239264,-1.6072982357894896,6.831658039885382,2.9474777991607013,6.370585544886976,6.087577117931417
2006-08-09,nonevent,notevent,-32.18286357022595,40.98313528677867,-57.580650712038164,0.614539030459047,-7.82621486373718,-6.077182993660119,-2.551534397769345,18.285031516102915,8.606782819008414,12.41725899508004
2006-08-10,nonevent,notevent,-29.201435756037363,30.00614780951394,4.042617733556059,-19.785172096679947,-10.76862134737751,3.350113984063428,3.8522075232502555,8.918222892236209,5.46427895061088,2.6698816934191085
2006-08-16,nonevent,notevent,223.2480245310956,99.81079765575,20.47234130717696,-37.47479355256055,10.62072161159556,-5.965617061324085,-2.820967459542143,1.4802108305519261,4.160710407987285,-0.4818717086453568
2006-08-19,Ib,event,327.41474825749845,-11.62755586937943,0.5603953401857467,5.265485939182483,13.546450536315321,14.26290617752402,13.088304107168879,0.15130249252862732,8.002952688270872,3.771729083408814
2006-08-23,II,event,285.4376503332849,-39.60587489920721,38.02153189544428,-2.581296630831174,-15.00834594942549,8.939913270276417,15.389207027962055,-1.2044415163206863,1.3630261017176848,2.309779272853432
2006-08-31,nonevent,notevent,328.3801071335411,-32.83924439671973,30.619795326028015,-0.5635551846394021,-7.851467884160906,0.7804762325314251,17.859324540492796,-8.121028667167197,4.929414355258658,-1.9654787066983541
2006-09-10,II,event,205.65890579972472,-27.93272051623096,14.087580962283301,0.42825147532947017,-8.772764190722818,10.597747737873384,7.358550411904511,-2.325697631212114,-0.38214723852942223,-1.1863887502494623
2006-09-12,nonevent,notevent,-20.32292219813924,-23.420092155610025,-7.202097676934344,0.7644124422970111,-12.774993102469987,10.216009239815088,4.362815187111296,2.744182023263014,4.095406654081971,1.8189696537123325
2006-09-15,Ia,event,183.49374746153495,-54.92810896512478,49.13817438927637,-4.342775686037423,-11.844473185446311,16.52990355764757,-3.478894839145676,-1.1196722396372116,-5.011672819867661,-0.013897314601967218
2006-09-22,nonevent,notevent,2.7137369316177984,-4.520230210681635,-33.96419256301816,4.962800527590429,-2.5992801886412873,5.6538864619858495,1.1449916106038975,2.7377186190376395,9.244004264266591,0.5313110770625945
2006-10-01,nonevent,notevent,-417.3925100186141,126.83718177784766,92.05833129293333,-8.806627593203055,-2.031687422534526,6.120301981513015,-12.557873524096994,-5.958377799307263,-3.498152575830557,13.34218926809359
2006-10-02,nonevent,notevent,-142.61346367460624,70.48063635061885,-27.755507235939795,-26.361913742943628,5.828123341843488,-1.2838745419013615,-5.300208711584095,-13.942588447478146,5.630712860345674,8.084719870126014
2006-10-03,nonevent,notevent,-399.3462060096246,93.31717636723735,68.90353251267017,-20.967182739371754,1.1597652717571487,-4.807104661135489,-3.4031091847233412,-8.98177560868948,4.579605459901945,11.361357127427981
2006-10-04,nonevent,notevent,-352.38257591862094,72.69034936571119,35.80989976834513,-29.424863001945482,2.44013837318942,-3.5248368137944186,-7.133129501483204,-18.028071750618043,7.855788354050902,13.078731582473507
2006-11-21,nonevent,notevent,-442.08801151027745,-34.51123431514184,-18.335241378905494,2.324461559799147,-11.63332848151019,-2.890969369949431,0.6177755832975222,-9.15679664752055,4.049222349097844,3.9413574633984054
2006-11-24,nonevent,notevent,-476.3328043941993,200.26707264096112,181.01519607989033,253.45395545877443,-21.061324205328038,6.6597913587636075,18.25502726236289,28.371370979727068,-6.09437182086466,0.1004729319668446
2006-11-26,nonevent,notevent,-430.4208747461051,-28.64578640615563,-29.352208168957997,1.340288732195486,-13.670371214179783,-7.1369893124479695,-0.31222487774126817,-9.193078971634268,8.886176988764607,7.432363746043515
2006-12-01,nonevent,notevent,-446.0159712070527,-33.99942123886325,-21.109202347274586,0.2463272943033586,-15.978751635324457,0.2743372078423019,-2.4943241014020994,-4.064206614763348,5.329591060370446,1.69766713018768
2006-12-07,nonevent,notevent,-453.06198522828225,65.32797789029782,44.944126708386015,-19.166820434642656,-6.011022711909406,-16.248061732125322,1.9248484435149906,-5.8398083791524895,1.899229364496238,3.163921450849015
2007-04-02,Ia,event,46.67221942897057,-6.154647305680677,-32.52650282746051,5.668605337692736,-0.735422843433268,-14.422246125192277,-7.196684470279982,5.451191897336579,2.0301629375273915,3.549667697499824
2007-04-03,II,event,153.74128982602522,-30.73730531978887,13.966636323093578,1.9706852763052463,-0.8236623184249099,-15.441302997380141,-4.49214657320674,-1.498199817267562,-6.5488789689632565,5.59143680865103
2007-04-15,Ia,event,304.09649527254606,-35.84087926928026,26.305117753936635,-0.41823415200400454,-5.223100116822959,-1.082932202641719,-10.377495469559463,-3.2425451375454464,4.389678257919837,-0.43131292698006907
2007-04-18,Ib,event,301.31564622191956,53.26992184856581,2.9964650860879605,-13.597089821987458,11.964519784913344,-18.855087002539772,-3.1334690707198427,-6.528813833256039,-6.194302229412556,3.3937225286110535
2007-04-19,Ib,event,180.05301624766759,49.43484974985124,-1.3312011741682885,-10.062270919993807,9.63821671541886,-19.60600431132011,-1.3252962160206334,-5.411904894902411,-6.206316026909378,1.127830626851076
2007-04-20,nonevent,notevent,-280.6806797070615,26.375660331057198,20.732547795145067,-5.900389791998813,-2.0967770803662855,-12.506573843442037,12.06941503501397,-8.807133512510681,1.9741223075680552,-6.122621777442959
2007-04-22,II,event,389.37292369629216,-52.29983168940374,58.515892797980484,-1.2005190636861673,0.06361043553335934,1.8571257927999723,-2.710488249948733,-17.06062165881453,-5.860888559780004,-4.0758795772026435
2007-04-24,nonevent,notevent,-169.16947029499536,-30.262772111282445,-9.380741014398872,1.7674721642614615,-9.465913559842141,3.1791446452386913,-5.413361246287793,-6.230329921583496,2.8721185804153015,-2.798642704719075
2007-04-28,Ib,event,276.36530194637913,-8.9494292700322,-11.708608820222997,8.338641056924466,1.4502554845504236,-3.126439061053387,-14.41940974556154,-2.7702059378128623,-8.33754474649866,4.293097239858589
2007-04-29,II,event,240.94517667469384,32.971356515089944,-47.01747903378344,7.499460038683548,10.120682041945722,-8.779876318843552,-11.019881066321338,-2.3227501659872525,-7.2948212021106,0.46502191597401243
2007-05-02,II,event,85.3215349697115,82.43119743643916,-46.551249175473764,-6.360377677388041,15.397223046135508,-9.42996814882887,-10.092266421761162,-4.13043312556012,-6.320197052391361,-3.226896654100584
2007-05-04,nonevent,notevent,153.75343302605702,11.597982322345404,-47.86226350220635,11.484792539509684,6.293362623670149,-7.850211190040595,-5.437000806975347,-4.571772224870679,-6.4012055294852015,-2.5086538520937114
2007-05-06,II,event,185.98230690207004,-34.88920794949914,21.805591738769955,0.6516571600707286,-5.939039925389879,-6.020592393891354,0.795539904448851,-6.3259715744756955,3.24236502386108,-5.835188254819513
2007-05-14,II,event,186.2713227600899,131.33255348670238,1.0375981557604534,-13.777721649211774,17.408019362359905,-10.115243746556699,-13.622677618092558,-2.1778820816717537,-1.6868402366866473,-0.4346420234600109
2007-05-16,II,event,362.8494381406335,18.493630837838264,-42.15046083530331,13.927065298607687,8.78972066066709,-17.65514026214589,3.85145926267243,-6.116159033939458,-4.381856852333968,4.3374838248408665
2007-05-21,II,event,273.25867353389003,-0.435183818433466,-22.446599567961478,9.046418986442122,-0.8239773246935664,-6.334552163698628,-8.59122887144447,1.6087257077590484,2.7368061248572984,4.181974158595956
2007-05-22,Ib,event,372.5407333615157,76.32838041083335,21.244889328206373,-17.294202840375895,13.350576010644454,-0.3235248744740732,-8.885382262603155,-14.15046578085115,-1.8863501833444352,-7.608968221277507
2007-05-26,nonevent,notevent,-183.5745826581003,37.58147472066021,-26.13493543750927,-12.232436949054271,-2.7984404350424614,-14.100649021764722,0.10096912313802026,2.0754022378021606,10.952810313073156,1.5276240414269184
2007-06-01,Ib,event,510.6000524037516,-42.04355049637312,52.138312178952816,1.4687255387899636,-6.91185811544988,7.75526868610465,-9.637225857185372,-11.704378455009866,-2.5311687980770046,-3.0338454601397915
2007-06-03,II,event,507.68338473624857,-42.056379098368545,49.93946505037321,-0.3340616519017493,-10.347411955208527,5.680188683934755,-12.629614590889256,-4.72404883990923,1.7119578400691187,2.3570711709998227
2007-06-08,II,event,420.41485782734986,-31.17036705246043,30.8596985289792,1.5061911100162728,-11.516245377982615,-4.535448744118572,-4.679641269203482,-0.4073362786745219,4.067844887707574,7.710931144856306
2007-06-16,II,event,478.1905460360134,-7.1537630205029865,3.3027756071260113,8.17012164714636,-1.5390004369290278,-3.443975663051554,2.7968458497464828,-11.112475593867527,-3.6030500795982174,-0.1276275365231649
2007-06-24,nonevent,notevent,397.77370033408033,11.253581899221457,-28.79371271387377,10.498862838173032,-4.412910398728743,-11.786399089236424,2.4021613855632142,3.2641106948215666,-1.7113143364534733,12.214618348227482
2007-06-25,Ib,event,-13.183828515007164,5.069572047596869,-17.411584414543594,-0.841256202698793,-9.965835108869927,-13.405796259252824,7.338260855688061,3.1786022405252923,2.3119799065982445,8.361052279480283
2007-07-14,nonevent,notevent,5.1350099989355575,-16.190646318648767,-12.461973136973345,2.7468826234695216,-14.995548628881705,5.164861173229694,12.121358777385726,-2.1494681643181734,8.461491412009723,-0.6547410523615358
2007-07-25,nonevent,notevent,-146.29314289224985,56.06291953424116,-0.8492378888646271,-25.429629356998813,4.913525642872042,4.191174279307282,9.976365113810985,-9.131459043871196,8.668984939848581,4.69390161020096
2007-08-02,nonevent,notevent,-52.17673503354414,-10.535212552421056,-26.14832006256872,2.5395987308771937,-15.509212324794102,5.788973326673774,7.986381617131346,5.266778927947732,5.3042266175338995,-0.9514244892500279
2007-08-31,II,event,162.93364746383023,21.831494703842406,-28.044477270459083,-0.06300027923457317,1.535118497523349,1.519488025550795,12.99471172714076,-8.128217557948144,-5.69863142884158,-6.153425004195832
2007-09-01,II,event,270.622882850595,15.548103864088278,32.17269177224126,-22.975858183387388,-2.0509713656507937,0.32505234975577013,9.879504959258062,-11.792438608251125,-9.979614489005474,1.894085784373005
2007-09-04,II,event,190.2664762415521,-23.368605822186936,5.921331291139912,1.4813905641925265,-7.006744629775226,8.256574230694419,12.409506675969693,-12.022656267021247,-3.0009471070780687,-0.13193620735715658
2007-09-06,II,event,-77.67953622686987,33.76593517539237,-44.32672761298782,-7.373359018071262,-4.183298125901684,0.9329606447692889,-1.062405035170928,5.190053052591247,-1.7999074952881424,7.58074297945443
2007-09-07,Ib,event,200.34513666438332,-20.359191525235836,1.8051148432945718,1.5186661357787954,-7.48579388116685,6.9850799467340945,9.007290019012336,-2.4001465044682773,-6.9521688389364185,1.5727878431000821
2007-09-11,Ib,event,190.93999247335105,-14.338283587243843,-7.203504075976259,2.916874533570878,-5.096426438635538,8.656984230210341,8.010898960122857,-2.999649496013666,-4.925791475682764,2.976870329189224
2008-02-05,nonevent,notevent,-418.84453565064655,-32.49163407155501,-19.73903851405337,4.174099100580917,1.0031908559771052,4.313874260292178,-2.9204297278718876,-9.377735105325264,1.8358998552605428,3.12669581479883
2008-02-15,Ib,event,-172.62474768247586,-40.42983056628274,8.540689929491561,4.691311857299733,-1.6103560699918842,-5.299387929976371,-21.080617866374986,12.853046627566519,-6.275022439422421,3.1394482049318024
2008-02-17,II,event,-328.0264708727183,-28.857065561462818,-6.08120744375362,-0.3398820184565199,-0.8154360840527637,-7.823847209217612,4.338135909236651,-1.2129922896778609,5.094667645060814,-8.645415396309097
2008-02-18,Ib,event,-282.6433668993569,-47.18408936179305,10.93784378304332,-1.9416640253512432,-3.438401282562583,-9.824627972102883,4.116111953320087,-3.3697440681259665,2.559014458070066,-5.4990733060089765
2008-02-19,Ia,event,-443.9507994141358,-38.48962244383811,-9.663890177970082,4.628228576153252,5.509028049723951,-10.199003967922526,-4.479332662501846,18.00097133807375,2.779199357331749,4.979288970015086
2008-02-27,nonevent,notevent,-372.2637487278145,46.08979243161308,40.142728839483226,-15.800742071359673,10.290909843180964,-15.034596233165692,18.288210439085653,-11.172603664982118,2.2958694046683914,1.2257811137951296
2008-02-29,nonevent,notevent,-159.65720204727995,-36.935505205829124,0.9041930749474834,1.3626808534820214,33.38344942087662,-1.3634203576339747,16.611536777120666,-4.182891053086549,5.318070457131766,0.9438819940227899
2008-03-03,nonevent,notevent,-302.5373832214981,4.375356954065875,36.7305732914167,21.10966426832729,12.11980474705154,-16.474588138417214,16.348048550305393,-3.9746043080683466,1.2612731285127918,-2.1943511435577068
2008-03-09,nonevent,notevent,-384.94503992068115,-27.091590327268204,-4.564582338120676,0.39260235552734446,2.5259161292499273,-5.454149074502485,5.031493749979229,-4.571993517156133,6.636947028713777,-4.878147572112576
2008-03-11,nonevent,notevent,-261.6271498579295,-37.45798461347517,-2.898717555834041,0.9533123549976079,0.6124614491715942,-9.206861556408517,4.115434517151813,-7.205789765018994,8.025422407291824,-2.793809242041781
2008-03-20,II,event,45.552260921596954,-27.486520923274835,3.9365409606003205,5.096103935948159,44.74916672980206,-4.436621463252762,14.366272245130588,-1.0531032846948607,0.17953165441686506,3.917628658721861
2008-03-21,II,event,109.44413325497293,-49.24044105412349,38.82839066048709,-1.0696925847069447,34.083513408297264,-10.618388797106418,17.02453889533479,-8.720913018588517,-2.841392920278061,0.4863050448330993
2008-03-28,II,event,153.05606509320998,-34.370658225199996,27.94356191333469,-2.250136883634488,27.720426907782436,-4.223294288299746,1.7965107174038852,0.5615010705702556,0.08235145373560875,3.773588713951041
2008-04-01,nonevent,notevent,-144.23188074688923,-41.61182407615698,13.991723212197009,-4.651640791230028,0.24916102836173612,-13.917499578045092,-13.46608599363284,15.18734827305332,13.467466989461998,-1.6911783454220057
2008-04-05,nonevent,notevent,-375.81746119258156,41.4551241166028,50.19669313631104,-12.660015383144975,3.1423899981632424,-8.400938012265518,-4.818774646326907,0.42595067154468574,5.799069087403803,-7.244366552095563
2008-04-06,nonevent,notevent,-269.4788055951543,-6.139355652337199,5.518667647479202,-9.450098098884242,7.213085653239779,2.2991876657356554,-0.026475375667859177,-4.545359059924623,5.999149746097362,-2.12990592920214
2008-04-08,nonevent,notevent,-312.7654653327764,123.43823447091972,66.05874301001052,23.939469482398795,14.52915440038525,-4.742309369754499,-1.031451542781136,-3.015337302827854,1.935826169507802,-0.9587172092453211
2008-05-11,II,event,355.13373143027184,-4.957897803828773,-8.241894407075216,8.254862261065075,-0.5765433634875106,-15.427010235649787,-7.864706276283016,2.6723026333054563,9.494736718998896,-1.12101495266202
2008-05-12,II,event,389.9794011613592,17.126019397612268,-24.082048705916392,9.69981939989718,6.588753868335293,-8.331461170273858,-10.169245548200479,-4.57751930130816,-7.027367721045143,-2.876858480033957
2008-05-13,II,event,265.67289422663566,-10.211426281997118,-7.8525681529500355,8.98906465332541,-0.4896218107217281,-16.138205102360118,-13.08880410885266,4.822016482161055,-1.206212439903228,-1.9700321713033049
2008-05-19,II,event,186.59121066979955,22.844368063977782,-58.037893624775755,15.650891823106473,6.821039527988265,-8.48828940429391,-4.9499771589214445,-3.725366207375538,-4.675464817862938,-0.7612080305861665
2008-05-20,II,event,338.46219408823833,17.35796613301569,-24.219756616581755,6.663863652245599,5.928288493480923,-10.482877438179546,-10.780312085065225,0.7792241542187283,-3.5702182831524607,-0.25140573318914405
2008-05-25,II,event,336.5217920462547,3.9244504904024198,-24.10813691756874,11.434798033169844,-0.7216606435460786,-13.138941126006545,-16.341170607651886,9.279495134286147,2.1064983016141055,5.1193898534344875
2008-06-14,II,event,378.340395905964,34.418821866069386,-10.567877265382275,2.181327637408003,2.6483353542203867,-5.393764276785221,-2.887576547915487,-6.3725189384411545,-1.858326059310425,1.0692290372817066
2008-06-26,II,event,509.3447172844711,-16.28190798405616,22.047637188114336,8.339525006782917,-2.3295739111855873,-4.062334164532722,8.149607839551273,-16.86143737762555,-4.823258840791794,-3.149097900834851
2008-06-27,II,event,483.4175929763351,10.980057203410084,-19.359274423801352,13.26385646453343,-0.13772678378141467,-7.219996765713539,3.01977635544777,-8.229282478522533,-1.148216112333314,2.082421272427519
2008-07-24,Ib,event,477.18264475547454,-21.71033227435754,24.794828782324203,4.601202554089954,-9.914816252523147,14.445999755546092,-0.9697191550782914,-12.043370421904772,0.4617024571300194,-3.450969511245212
2008-08-03,nonevent,notevent,29.1249921230172,1.0686311155573556,-18.07849654385899,-0.6945002952224135,-13.794434994104373,2.8042463471071257,7.936821097818721,2.634244035552936,-0.3211452243643823,5.032740685030286
2008-08-06,II,event,-96.21467932719624,-30.004891661204017,-0.26061366576915995,1.190087040397899,-22.441609640153473,4.922352175333214,3.7688292888213057,3.6124963651107556,-1.874175261443177,8.453876641890753
2008-08-07,II,event,248.9041766231828,16.69742454257921,-22.270257817630274,4.529329249903227,-8.508809405696026,9.827191933357142,8.879662331546921,-3.89745178179135,-11.114501620806479,9.808615426016743
2008-08-09,nonevent,notevent,143.56556181674205,53.85848772767202,-99.76818732171293,17.482648094895023,2.55106313246053,-1.209778784462359,17.267100167588705,-0.11575523428911769,-3.8622157376074733,1.2833960295265012
2008-08-18,nonevent,notevent,-126.09260129029116,28.826035628854992,-52.46348012337825,6.7866399179165775,-3.6012637693920393,1.2801534615028871,2.007982175903106,-8.304508525399724,11.648823386495556,5.197123079948925
2008-08-19,nonevent,notevent,99.55240385059713,47.12172777776531,-76.6666972226326,10.30164882230722,-0.5866380808965853,4.02231122119759,9.63623883536839,-3.045673680026699,0.3469914732363218,0.9774061263426894
2008-08-21,nonevent,notevent,-85.3536208914577,96.49474496543536,-1.9159950778035812,-27.6719814417103,3.32845229110426,2.087701314184838,0.02934655614151338,-8.883490959572418,5.771580434652512,-0.7101278396478146
2008-08-23,Ib,event,258.92514652288895,7.334278627901534,-29.715708725659916,8.423178630680216,-5.559632631545816,7.047133446236571,11.252795099023858,-5.652518593023383,-4.238440227761527,-0.23486692854264235
2008-08-25,nonevent,notevent,138.85627073706294,-3.2169570605603193,-22.859987300025587,7.0270469111638905,-5.231617865876622,13.075326224524645,10.163282175988723,-10.48044574300392,-2.225584671660147,0.10165452969311081
2008-08-26,nonevent,notevent,-254.52021653024153,-29.019216434326562,-11.52746021101279,0.16730397658287358,-20.628279940989035,4.267440155310776,4.992482318124512,3.8211588209543144,1.090721646273977,5.590812845381852
2008-09-02,II,event,-123.36218703393376,53.75831063837791,46.16681765467318,-4.031041425399398,-11.475576745974944,4.745417477237762,6.622533851813073,3.502850673791903,-9.018910326697323,1.2357707316205957
2008-09-07,nonevent,notevent,42.33350986196336,-13.085869633901009,-16.293912102218304,4.542509458977581,-10.209912482225038,7.648101088354363,5.556945187544954,-6.333582153053103,3.8480184757323563,2.0650529192290352
2008-09-12,nonevent,notevent,-79.50452529348884,-29.33494990080453,-4.402295107007465,1.407180447472652,-14.557008002672235,15.796453232948101,-8.802383442175401,6.483495423009635,-5.797541767048301,1.6996200132261166
2008-11-17,II,event,-321.33351809558644,-35.23629843805969,-6.022741579504422,4.721808541346622,-7.906606056039559,-4.7223594914707165,-2.945625055347012,-1.6052740787641577,-0.6481528257085022,-3.458462807921485
2008-11-23,nonevent,notevent,-448.8579629824463,-28.81394020491043,-15.622228143263447,7.962913606843322,-8.658524927790552,-18.596421136693394,13.057901414594348,-11.698640299496782,-1.2936031840362532,1.9279590178136232
2009-01-03,nonevent,notevent,-391.46796978477215,-33.693980445540035,-8.97521224611515,8.129337757446187,2.417578130706152,-6.323681265112254,-0.37353352458953404,-9.163756345566481,-3.081293197336243,-8.074642269261254
2009-01-08,nonevent,notevent,-400.4419711754421,-35.038961237463475,-8.385073737528522,8.560193415576958,5.7208682413509475,-5.715726715286033,-0.39952080383195543,-10.447093272486667,-2.2852999348993497,-4.812251469678249
2009-01-15,II,event,-416.53924764291025,-37.02247732826443,-8.197922847844467,6.853601951126445,-9.8992255428908,-9.168817481527299,-14.018387978118719,1.7437057207865414,-3.083112635187684,-0.2992040266521855
2009-02-06,nonevent,notevent,-410.7370152998871,-32.469748477234546,-13.824733149650886,9.364317393168761,5.393533746392853,-8.564542104991611,-0.14947342199472485,-15.86072586992664,1.422083670777191,1.1600910340750752
2009-02-09,II,event,-252.37945892704283,-27.59385866519475,-9.111127820324016,9.3621565507512,2.1752176121921045,-21.4612032428873,2.4959895008104556,-7.390125249662149,-0.9122054294321164,8.598442526657788
2009-02-13,nonevent,notevent,-385.67663979679094,-38.86984592934942,-7.749047693364861,4.041209687184842,-0.6902451657957459,-3.524269150174591,-7.129748800127345,-7.450906385503799,0.13231304150141626,-8.740115354600697
2009-02-18,Ib,event,-150.85480603329313,-45.580997222718906,22.651066945915527,5.634312135914265,12.526004172062805,4.9494393764601465,-12.240811095090178,-11.350762355356386,-4.875981748949097,-9.784707501598884
2009-02-21,nonevent,notevent,-257.93473016316847,-24.875665428972148,-13.895323736751328,11.327272384767841,12.323258834258729,3.179174506919022,-22.680304250766984,-2.8493581718146173,0.5570327914395976,-3.68315156431515
2009-02-25,II,event,-132.95882353216257,-31.40091856917501,-1.1781362453746014,4.098155174431324,10.175636226795213,-10.03286931322833,-0.04825118764954863,-1.3989176250739128,1.105566409425937,-5.079225066526133
2009-03-01,Ib,event,-96.75281944564625,-33.944422902674226,3.3999752663256326,5.975843025911911,37.108111571321686,7.950132266319383,-2.6835915153511944,-7.4063911317810645,0.6603783018869465,-3.5527085700633467
2009-03-27,Ib,event,192.92684181068793,-60.42283400524379,58.543891149369216,-0.4987778656867797,19.855883492264635,-9.735515283588692,2.4389769553550136,-10.302607862092586,-4.9297748409302455,3.3787916171806405
2009-04-07,nonevent,notevent,-164.2913207496541,-4.3366449951841135,14.267122522860454,2.0311062933221002,12.99976249498655,3.8507944303485204,-6.270731838888286,-6.054109809186331,6.393770007686648,-12.564974078346014
2009-04-19,II,event,121.58791172225119,-16.173158604436697,-6.844181440352152,7.474141966007851,-5.8334684702140445,-18.591800220920103,-12.770145259513953,-3.2735535739517787,-0.2809562734496314,-2.8607553939612997
2009-04-23,Ib,event,313.73278376375595,1.7718420117355156,-23.18137332968328,11.272880637074435,9.04637973123707,-11.528493221058408,-14.427090495937952,-0.8011336882385189,0.2731480203634035,-1.701912202302791
2009-04-25,II,event,381.31012159491735,-45.704582597113195,48.66664162458482,0.007424394711774589,-4.616712269666252,-12.08143537558966,-8.213284585352884,-3.1846727575520632,8.29057469111449,-3.446293072977201
2009-04-26,II,event,291.3711714217083,-37.71107246126229,31.73653934356261,1.5106326610068388,-3.7176970087735817,-20.4515905561166,-5.377495806510494,1.509428298061653,10.470496124577975,-4.411316355359442
2009-05-01,II,event,419.6295605569374,-53.30394409164909,62.022449435478826,0.49902421193176355,-6.518446369420597,-5.785049660852606,-14.249334345055892,-6.000115685071761,4.793619169024042,-3.5018117038892718
2009-05-30,Ib,event,504.1636526763905,-40.33499241814583,52.87691683478219,5.398766237372602,-9.861807239182424,10.023996812205512,-15.26530635891466,-15.052843869744782,3.4460140959052965,-0.1421077591702325
2009-05-31,nonevent,notevent,498.04369618781845,-39.38740594889181,51.145667481002086,4.555165165131357,-10.568910095703783,3.7525731308651906,-14.33550337232227,-9.839474910721703,6.810009607116909,3.1863317578949766
2009-06-07,II,event,503.47122683906434,21.000850682860833,-10.243184115782844,25.60687757333508,5.719811668865936,0.2786669838973081,0.3571880755284238,-17.339547989617564,-10.95449547479945,-0.04994188588857117
2009-06-08,II,event,498.9388592751605,-4.4590737252637265,27.807407193397555,21.14628665400607,-2.3835616817117495,-0.901588696803018,-0.9311059260759834,-14.516206422885645,-8.498294166766232,3.3787224844499733
2009-06-12,nonevent,notevent,374.06004382790076,68.04254948607108,-21.97794100723019,13.262559075781308,9.39678544025564,-2.1379792001702596,-0.4637161053390364,-4.220342147082242,2.1912128349150204,-7.7742222936845105
2009-06-25,nonevent,notevent,388.19011226441893,5.880464809604577,-20.33293597464297,11.885163196600155,-5.202492532176866,5.145691583270063,-12.052787502465078,3.451585048368416,2.460094332558875,1.6773562002155504
2009-06-28,nonevent,notevent,447.1465863030293,-7.530984998291974,4.100622431952496,9.205568930573461,-8.15870827129499,-1.4597561483236567,-4.337666567802206,-3.1604225079481716,5.999968001919568,4.90295767329432
2009-06-29,nonevent,notevent,497.04007111249535,-16.082845444111996,20.787906935005857,9.512188664283638,-6.468424516857787,15.84174939907801,-2.694178627937911,-21.23516500003417,2.389699752234251,-4.168627529216699
2009-07-01,nonevent,notevent,406.002250759516,-11.977175269592193,9.103568249684034,7.81508655768314,-9.706660714294717,7.143131119629164,-0.8954377196022513,-3.943152685368635,6.097700349482434,-3.4444740403910497
2009-07-02,nonevent,notevent,487.96787498972594,-5.695907958524342,6.389804658995374,9.867974343044082,-5.468449965560967,4.628367503229723,1.2041612193147004,-9.161802722168552,3.9745577487435155,-3.56991114966393
2009-07-07,II,event,252.3945995971723,82.52353576347198,-22.619641972175188,-0.5208947420643331,4.013865522130512,-4.351161384706972,0.8238418110375293,-2.0142931374877415,-7.30982742554531,6.473144645665101
2009-07-10,nonevent,notevent,164.45109662625484,79.78875807365584,-29.839884772853146,18.918767863291027,0.8500553872635186,-3.171798733643719,0.33426559618091234,2.0649985863655127,-1.3225446074352507,4.035792244579023
2009-07-17,nonevent,notevent,367.8465068042583,26.216573302613835,-8.895191618367205,33.47759203101846,-3.0188414732226363,3.316301537374134,6.871260970141595,-5.9931040157647795,3.19444028622883,-2.584235646968533
2009-07-24,nonevent,notevent,245.28456251077236,55.1782534208005,-47.25442963375001,1.6898251185406625,-0.05650303341856861,-0.5634555172720598,5.75666811729323,-2.5611882054094703,4.8702575652911015,3.746812678848102
2009-07-25,nonevent,notevent,78.90110541611563,70.96758481563218,-65.34003364849072,13.910775066558141,3.3309286383771415,1.5100179313248794,4.664654426951979,-9.972106683070017,6.243909432941105,2.1788094521363726
2009-07-28,nonevent,notevent,238.18008698037022,51.75567931536425,-72.21397237657062,14.555990480462489,3.3607077712969113,7.007102850881809,0.617881121255277,-6.221826870827367,2.8659460416648126,-0.3881069863212381
2009-08-07,nonevent,notevent,243.42456418262236,-24.462544365772366,13.794582749311223,3.685276928523299,-15.556185998317247,15.489228915128402,-2.7961685864119006,-7.047262298502833,5.9709351597833455,0.6464827026456661
2009-08-24,II,event,295.3532131146831,-2.765561109768841,-11.839463580219265,8.902955856778727,-6.47173666214435,7.3024226167885224,1.7957206201468452,-5.068643398484813,-2.4947756749122005,2.048212292719173
2009-08-26,nonevent,notevent,-262.00804809783796,43.70546094781938,32.091279884896394,-29.721114572059626,-13.237253047616143,2.738723056888768,-6.616572464012271,2.5452403774130503,6.680355328538931,6.5128519007921595
2009-09-09,II,event,128.66024743761773,26.94344145888263,-27.321304116270873,0.2558540739235165,-0.43118119069698496,-4.024191470264196,-4.662496380930359,9.882286530089393,12.316940595741238,-5.434655653943248
2009-09-13,nonevent,notevent,-42.03776892878809,10.381350378819533,-44.382421196245154,7.1938109211687875,3.764579535911251,16.898417798869676,-1.694838840118998,-1.7297746529584954,4.522396842177936,7.533503748162614
2009-09-17,II,event,50.45427111425503,-13.33577308203376,-15.184701940603532,5.39797807383104,-8.573963549641462,0.14320254873841193,5.814838644950809,-0.5988447225117677,-3.9248036636444135,5.043993730884558
2009-10-09,II,event,-71.44975830135775,-23.94541219868099,14.120269074187718,13.271471126496065,-8.635011678044151,-1.1860161236759115,1.3820572735006325,-0.39447114875588646,-5.271536067662753,5.8233124923903
2009-10-14,Ib,event,-61.69698484775142,-50.2929257451265,29.95017035192734,0.617004914289869,-10.358159143149118,7.482982832517386,-13.296663603099226,0.6285396432110689,-6.623679164957648,3.177152218754553
2009-10-15,II,event,-51.3864982349759,-50.31735195782043,28.569694298111497,-0.3368243334526499,-11.182233315598289,3.910893412426946,-11.808827566579822,1.1154485333412225,-7.564484234433301,10.36088385361788
2009-10-17,nonevent,notevent,-389.48832960038993,-32.1926784126261,-16.39400204033959,4.453965902643203,-13.380770355404398,3.181150703390537,-6.859532636961527,-6.103529874521439,-0.3591316115744792,0.046653342152644564
2009-10-21,nonevent,notevent,-226.43778427024432,-12.987772433015152,-35.62719663581201,7.47239200565289,-7.331247293426439,7.8824392133070855,-12.15548746502292,2.9853717258146797,-2.378177165832478,-0.3630320245997683
2009-10-22,nonevent,notevent,-387.8923160074745,-33.545232722569914,-16.75560939079294,4.055532177473817,-15.865075368696289,6.512313668709271,-12.59078427798659,-0.6061651499762778,0.5806556749026774,1.1715912177387717
2009-10-29,Ib,event,-210.76944623692557,-36.4242140267806,18.381971029009787,13.015347488819708,-12.463500874503636,2.104886946061199,-10.963008998053482,5.175417870711785,-4.5604588692619625,2.545166306573862
2009-11-02,nonevent,notevent,-253.35702732821184,-17.23667764889327,-5.313126823457577,18.69614802287095,-5.5701431368856005,2.287182711390908,-6.8537792417745935,-3.815170892033624,-1.4837653627541285,-0.2064766936625962
2009-11-05,nonevent,notevent,-374.6093845754612,-21.25034005805217,-16.84349848707726,17.271985879671846,-13.029390895213583,-6.625200635996107,-11.3591500760724,1.6936276170852425,-3.673328686685607,10.569970560223611
2009-11-09,nonevent,notevent,-365.26954064280557,-27.690003416415124,-4.175999051824801,18.319679342588007,0.3787379378728438,15.750169256135916,-12.974086511666696,-12.064016074600307,-0.5882972395363025,3.082939565292782
2009-11-10,nonevent,notevent,-405.430571534185,-15.314655039318513,7.251393887989172,11.27239333429744,-5.69281392083804,5.871021735530411,-8.232084081480586,-10.184712471390972,-0.052925544310173905,-1.8232716725760925
2009-11-11,nonevent,notevent,-371.1608633115174,-17.12895671512761,-4.226338369224035,13.798318983839405,1.7939240620537997,4.6334867827720805,-2.4729989030972765,-9.852455374716316,0.38801293324352437,2.1364416616526585
2009-11-12,nonevent,notevent,-401.0503124291358,-29.475118784731112,-9.344240453142074,13.660110055772806,-4.1306859540008425,0.42931062236572703,-5.575798981006846,-5.765863388591588,0.16886869505217522,-0.15942849488522112
2009-11-13,nonevent,notevent,-336.0009183578831,-34.49140323590122,-0.6591885761550842,13.311092398895743,6.084952494575667,6.561272409794613,-6.169054050458663,-13.191863884919318,-1.8902236906482803,1.1184811694406351
2009-11-14,nonevent,notevent,-313.94558769326545,-26.198862330194544,-9.931170732321977,15.777297599855645,8.801062345235177,10.245693295053119,-11.532656297021273,-4.1795562363558885,0.06121430168218001,-2.3942525598830353
2009-11-24,nonevent,notevent,-456.77411138342245,13.463419540086688,16.06514075417926,14.06376343474021,-8.171207172660187,-12.563880722349332,7.9817057416280655,-13.542826820047228,4.81808608323921,3.9030842051205696
2009-11-25,nonevent,notevent,-446.7648512192508,-26.177619061452006,-11.24606129146492,15.816947406543564,-8.68258075576731,-6.478408159292796,3.57149444307789,-15.420007790168098,6.013308474006004,5.468780717677189
2009-12-04,nonevent,notevent,-449.0863194846083,-33.5174836659691,-14.475341579095957,6.534254890592688,-9.568213800355435,5.515332026048644,-14.97494030026325,-7.000062541357474,-1.8944521465323867,-3.9022069294336004
2009-12-05,nonevent,notevent,-468.62373175849166,-23.645750761234744,-12.88576115087871,3.0362812612788845,-9.714373193722931,6.9868978282771215,-16.396702393983038,-6.315788142747536,-0.6050254415680135,-1.7691449368774865
2009-12-17,nonevent,notevent,-408.963055336511,-39.793643194130155,-4.510817269853104,9.308832681496304,13.294062341077664,16.355454012128796,-18.25123065057107,-13.904970438218708,-11.146170955802093,-4.614442038371829
2009-12-18,nonevent,notevent,-387.0814844773812,-37.3846968113568,-3.513433002377915,10.28675725868553,13.362599222527303,7.458317082846032,-9.898095007043363,-7.347892986361214,-4.21631686038742,-4.951585100582047
2009-12-20,nonevent,notevent,-455.7935125187013,-31.032388878671977,-13.648694451024491,8.055932267795965,-3.0977855134858543,-3.691526566167946,-8.073907605258247,-8.432870402865133,-2.7478590095269797,-5.629946013397821
2009-12-24,nonevent,notevent,-441.99416080289774,-30.763333899195203,-11.68733210300059,11.129680155496372,3.151904109484966,-11.11318304994698,-2.235237113062326,-18.491264939138507,-1.385945637613351,3.4840805769045957
2009-12-26,nonevent,notevent,-451.0740018953962,-9.353051391185387,1.650837131444523,4.833139513294179,2.2067042231081837,-13.10705871437823,2.2642492321496595,-9.321955045088037,-2.8341959065182123,-5.562623945917998
2010-01-03,nonevent,notevent,-443.74798099001544,-7.287203240105599,5.084370359022732,11.363507810967919,7.799329117853216,-7.596193594607266,-7.790213864360614,-16.04352881646874,-8.962815199090244,-0.7839240705349326
2010-01-14,nonevent,notevent,-420.3505659010635,-38.0000019669666,-9.819797930407361,6.329577786036173,9.170391937830532,7.605589575800579,-11.764883800930436,-5.657891772823097,-2.4126974282834506,-2.3189701428322884
2010-01-16,nonevent,notevent,-445.18145615124627,-15.374594020321238,0.34775667431183277,2.5302318754389033,0.8607251221453601,10.008658089771398,-26.13449870661538,5.552654710886265,2.8837544755233613,-9.629566173085323
2010-01-17,nonevent,notevent,-439.84755743226185,-35.2276223999202,-11.284209391739779,7.845157797358067,2.27755330186946,10.603171010745806,-24.021601716416686,3.4281478744537655,-0.04665227256093657,-9.575735089635966
2010-01-28,nonevent,notevent,-352.4236789342009,-39.868774676678555,-0.2401324702265149,11.778919275903466,37.56795773956413,-5.439480888782042,5.755794095105737,-18.453298707805484,-6.089167580368426,2.0893837756276663
2010-02-09,nonevent,notevent,-333.27936880323557,-40.480418364482915,8.143225502910836,8.670537648566844,29.88653229600105,2.870959643359413,-5.058130007607592,-2.0068434705216323,3.9459116002823356,3.3454251868315867
2010-02-13,nonevent,notevent,-263.57829145548953,-49.26487609965217,13.354606383850399,7.683387444872042,66.76994123788981,20.240600834730966,-0.47921031610242415,-1.2262006689767437,4.492624010523739,10.74115014811653
2010-02-17,nonevent,notevent,-254.21125345198877,-40.85019873967428,6.762702914383266,9.051695722672475,62.13392315498717,15.019486488569456,5.3337877607068265,3.5892300137694737,4.425334471083529,5.619911285700839
2010-02-27,nonevent,notevent,-340.4256635166665,-36.71405049054248,-7.2677323320147105,6.608016487347461,27.968843483659448,2.4816451805111557,7.753902253450439,-12.883646592942304,9.056570082820777,7.905506040459342
2010-03-02,nonevent,notevent,-278.18955514884215,14.75993055284957,28.673526539775136,4.545195930800888,37.06553887191196,-4.294263976078525,14.632955161646834,-11.758213220561188,5.014156699133462,14.334062501615609
2010-03-06,nonevent,notevent,-108.82742331491144,-12.907443221928824,-26.219932998361525,11.540422286612088,86.51048933545594,21.18434955380805,6.030175184702259,16.52547100306895,10.86840670594704,13.628931988154871
2010-03-07,II,event,7.4807758285493025,-61.26161750870936,47.074609250380966,4.814417669611654,103.60757928936054,37.0490060292456,9.455242463998433,16.371202831596268,11.033736917076208,15.36070662703046
2010-03-12,II,event,59.40620166636289,-45.813633496980266,32.41733984766051,2.409367068763201,13.223539468302599,-13.475233303707563,1.7525173384979897,-6.182517597721691,-1.7951294141048055,2.498350178339093
2010-03-19,nonevent,notevent,-247.48725632170303,-19.440952813793597,7.498553680890655,-0.6211014397603275,20.81630338865135,-2.989692610217759,5.417209185582297,-7.299681196276123,7.417405297976621,-3.3513435444289743
2010-03-23,II,event,165.3393760054063,-55.07518397715527,51.545406563386315,0.7989156065516783,20.846731300511784,-7.266791194492238,0.6851267246151073,-7.050922774971527,0.25725537330310255,2.635799249066405
2010-03-24,II,event,180.42245155279022,-56.16492032852747,53.69424757318396,-0.07337426819261399,19.58925348910431,-5.520172635182433,-4.831770503248713,-0.3501471410809435,-0.5041770893015247,3.820548330478597
2010-04-13,Ia,event,180.82517939218712,6.472484322907676,-37.97045693502778,12.683077986520964,12.131579135299466,-8.308073717622301,-12.333448692093366,3.0274412385825875,2.4717812620634843,2.1952131293682964
2010-04-17,II,event,-8.891862937107192,134.6399349042924,73.97861465833486,-14.424501788374148,15.916997874003323,-17.089539013600724,-11.160142850838712,-3.478109346211664,-6.82327598112873,-2.03266940275419
2010-04-20,II,event,344.8060053679778,-19.75023934579736,11.333418990680622,7.518241241633691,6.393053831821394,-12.985012581853836,-6.9877777515498725,-8.638166794102258,-2.783733993561915,-1.3077157328933242
2010-04-27,nonevent,notevent,-28.353420615940635,60.73482561867243,-34.260929643009575,-2.9472766488836424,7.413736530783353,-18.43675187290635,-17.599782623293653,9.697727197497676,3.6913862409283587,1.5322585598530591
2010-05-10,nonevent,notevent,-262.68776946385344,11.516694159891799,1.2497533123019309,13.225672045044535,-7.755678922193778,2.659314282119356,-0.9233736849558698,-15.128713727504827,1.548653233673149,-0.14189164995304182
2010-05-12,II,event,355.758951245794,3.7493571166029187,-16.539776820089685,12.927021302661627,6.043630420400967,-6.365887916279427,-10.589268930294601,-7.115816327039418,9.313512999548326,-3.754339202954834
2010-06-26,nonevent,notevent,349.47175367149106,40.420585830070046,-18.23629296903371,33.461733967813956,3.749859789105502,2.974283665060535,5.372266301507009,-13.6063216563018,2.6387394542809766,-5.227862848031444
2010-06-27,II,event,512.2560004696076,-12.707940340623002,46.50842128025272,21.031988048523164,-5.238301409160454,6.71457528252838,0.9413674936244228,-21.186001660047655,-6.652239873213636,0.26624890206593027
2010-07-05,II,event,488.566741161897,-33.5642887909867,46.07945039047425,4.696815308982128,-10.340868597096073,-1.7041802667969734,1.4164259355486266,-9.049978930729708,9.167270999489963,-1.8288497382709237
2010-07-07,nonevent,notevent,103.76007558808617,90.04892427996576,10.214457457215579,-26.292251709910456,4.0114525863559,2.9990077524821044,-9.129969456106513,-9.81767247826737,9.32151217921158,2.2235253055073
2010-07-09,nonevent,notevent,212.9651191596138,-11.184522263787535,-3.9360764104978676,9.42712867293076,-9.150082925936877,-1.4521367647642194,-3.6107188960982644,-1.92051951773441,10.400736785048272,2.2102042272116678
2010-07-10,nonevent,notevent,291.203229733597,46.91277187057746,1.7454038249282504,-12.955633069902953,1.577453929939873,-1.984427651315703,-13.366768183394797,-4.9167835145187935,8.802369106018041,2.6366159717662567
2010-07-19,nonevent,notevent,435.36310954575055,12.391007509675516,3.6815138089044943,18.60326911518366,-1.9743824334222169,3.7243720302169874,-1.519539512729819,-10.392866849822246,4.651512955643564,-1.4425246643465506
2010-07-20,nonevent,notevent,159.86115034785723,21.305156377839708,-52.96116480559913,16.810497319139476,-2.824829877905519,0.5419602724184068,-5.391204961375318,-2.9654544504387252,7.95034654823431,4.445932059811236
2010-08-02,nonevent,notevent,174.42242182034045,14.672166828939313,-34.45288173925627,9.132436684853445,-3.6224080390029454,-8.232108836466466,-5.467294690237973,9.715664558285962,14.961634378332027,-0.35610117351687604
2010-08-04,nonevent,notevent,131.57778287739427,145.0951187813904,-42.15775682435712,21.363313455985327,14.805888843905196,-5.759490518461031,-3.123540088919106,0.9667908829915572,9.014307131819168,-3.4284734405553836
2010-08-18,II,event,372.18302861526604,-44.25260726770728,51.32163910726652,0.06150602385203594,-11.910044790383344,-1.2747040984023914,10.937218660324104,-11.241363484111973,4.669341165356806,1.3447085443162605
2010-08-19,II,event,360.4456318144869,-44.91227724954671,51.07742851699362,0.11251634325108102,-12.60375608602173,-1.168002956736205,11.157619379050386,-12.190816051055391,-2.148305894374173,4.936227788912969
2010-09-09,Ib,event,1.6141926734089158,-11.914232882059599,-20.90965082139055,7.4924496834758605,-11.702144387503091,13.592505126737509,-12.70016500883392,0.9107807141706961,3.5657929388496816,6.101986771640073
2010-09-10,Ib,event,117.45289996831434,4.0708212797473475,-35.908625036249916,11.851806123598095,-2.8052050547903327,9.080799830677403,-12.524397203718092,-1.6101548689818477,7.627958596298561,5.1074726851931125
2010-09-16,nonevent,notevent,-98.85647957082077,69.93886586158406,8.465498396686153,18.28640671857174,1.143567033202109,-6.647292908685622,6.202744790166417,0.6427769126962669,3.4733114946429464,-0.667504686991881
2010-09-24,nonevent,notevent,-300.3553968681384,33.98585299124756,13.033545805552347,13.221162055153766,-9.39276684331834,-6.695191153344071,-0.7416813007731915,5.461337421406506,10.72736578927172,-0.2506832144051157
2010-10-10,Ib,event,-185.3626939778026,14.818634537936743,-7.315532169185958,24.09905505281852,-5.143508275011441,-8.691053364393158,-5.076605265909309,12.222521361544674,0.6288958999005699,7.993524735260371
2010-10-18,II,event,-120.7108936580359,-13.136010610753235,15.803255050941386,27.888693482166033,-9.242048436687194,-6.335353919071986,-1.2705962824204682,5.282778177493842,1.0868866505086978,4.699650768549444
2010-10-19,nonevent,notevent,-380.68612954125354,41.42646441471416,20.42847248717165,24.922913712435314,-9.797163346367375,-12.671260406849584,-4.4121986733552445,9.508703617854236,1.720475477567274,4.764061033724005
2010-11-10,nonevent,notevent,-443.6707428153297,-19.87096378428395,-6.916418283509532,19.167265778452734,-4.986000457491445,-6.076737052865664,11.48159453925064,-17.95684478707144,2.1929863637709155,5.251212418132896
2010-11-16,nonevent,notevent,-441.4372919331938,-27.150468110816416,-7.858505385495296,17.824382800318514,-11.28606644377713,-3.189167733754093,-12.50469142402388,0.211176092158975,1.6360230993968699,-1.5662016705505821
2010-11-23,II,event,-333.39495508595127,-34.20986973350729,1.189880517895671,13.626018587013562,15.004177168432502,0.8699967792982142,-0.9507521379428623,0.7326270005554997,0.6669011403204456,-8.895721372503417
2010-11-28,II,event,-367.371274662453,-35.46480672792004,1.031779198472813,13.801420202591434,2.910308759738272,7.362412469326542,-15.857094305378284,-6.7852052757738175,-8.095506651662326,-12.032749929026046
2010-12-05,nonevent,notevent,-460.8416467782826,-29.919816700744366,-11.166237611957161,13.449058302468169,-4.138883023139828,-9.127205663042758,-1.3835592690977325,-8.944607223924217,1.2611602362830225,-5.578349432417755
2010-12-29,nonevent,notevent,-456.59813436979056,-34.56364363377332,-14.504743463798546,10.138027890290319,-1.5792044826505953,4.692367993133517,-21.05600886942312,-7.0219899668542975,-3.9623062224042362,-9.837186567947384
2010-12-31,nonevent,notevent,-443.1305383680224,-33.024088468123345,-13.563699578860588,10.492700793484747,3.5448870422607053,-5.311887683100847,0.975812466129184,-20.740318496888918,-2.1884755088158845,-0.32613003883111946
2011-01-10,nonevent,notevent,-449.1933143454086,-27.2396955915211,-14.968684271426095,6.950945398601373,-4.551515130934749,-15.220549464445632,2.119404445677717,-3.2772744902796385,8.076116697192727,-5.2372762143125176
2011-01-11,nonevent,notevent,-445.4370445025274,-17.53440298799745,-11.443768729863033,5.234243877076115,-5.3230800412631165,-11.318490786971378,-6.6050940604556665,-1.8690301737545763,5.056718270157478,-2.4924071905928624
2011-01-16,nonevent,notevent,-434.0209656378052,-30.139163217366306,-9.445394120643583,14.022296312290198,2.741980922070696,-3.986410117848119,-13.994620867923475,-5.086050194917969,-4.197064617805741,-7.725487486185338
2011-01-24,nonevent,notevent,-434.9006390273547,-24.876254576338148,-4.767354592418727,4.316255237430904,5.852199211171478,-7.974576267451185,1.2760929423828333,-7.283500853638046,5.758952417706327,-5.39634878683131
2011-02-10,nonevent,notevent,-203.68556219126103,-40.563083013405794,8.079698073907135,7.748521320309215,69.83684570777528,18.402135063133617,4.522397529528866,6.120623722475935,4.894835542550639,4.025474069640416
2011-02-26,nonevent,notevent,-404.88026488162757,-34.00289844798069,-9.992185009620894,9.059882610194196,1.9741789125541211,-6.254243947424985,-18.245319920582943,2.681026772669475,10.559782019881089,-11.472797901648992
2011-05-02,nonevent,notevent,189.66537471438977,0.5509700240426524,-26.632906561861766,14.308924149799147,4.956775310945091,-12.206699569817756,-17.671368559989066,-3.154273770653775,-2.8808907888416027,3.343503171458212
2011-05-21,II,event,320.6551718528234,-3.5621189878130632,-7.601748565511884,15.197485234111172,3.255580585760559,-8.28168998895314,-9.20252002372393,-8.540386358309508,5.045547581028366,1.3818411411186173
2011-06-01,nonevent,notevent,363.4771099963393,13.8127347363524,-27.659580829725947,15.92159821721138,5.965573400319025,-2.1633801884938784,-4.826670959260444,-0.3509862110295765,14.75648787809774,-9.339693298978705
2011-06-06,Ib,event,453.5578516817757,-0.2122825726470877,-6.118481462288875,13.845723968729805,1.591776605863569,-6.037246320463341,-10.10744562313927,-4.846239222518857,7.465221807602273,3.1778295643545107
2011-06-10,II,event,469.70230618359665,-28.51441148502764,35.99568259710119,6.291847633479923,-6.987615614646599,-10.318278272933679,-4.427196219779647,-5.254730893425793,13.770056775929866,5.280660993039356
2011-06-15,nonevent,notevent,-153.15382694063078,57.86638748315263,31.900832449649926,-11.938185765681698,-7.821211609777427,7.4026246837549605,-0.3848466859739984,-8.25840573174007,-1.9535565664408758,1.7104765331974343
2011-06-24,nonevent,notevent,18.685916931942895,77.78763323353986,-21.73511146319984,11.25007991130829,4.067700547818194,-3.9305486198795934,-3.6752921175049527,-3.0207820516623154,4.269161375747602,1.0895069899558032
2011-06-26,nonevent,notevent,299.76991290286236,32.842048211835,-29.742508675228336,30.165579213322513,3.7260340667970993,5.228006726933009,-1.6324980973208383,-11.663880689790142,3.075321843530034,-0.7252014657503218
2011-06-29,II,event,487.3790086395895,-30.075729322306586,40.24674919182398,6.858370895195886,-8.520467831074424,6.777257026480378,-3.88197603593277,-13.634158412450306,8.497882896361194,1.8772596653090365
2011-07-04,nonevent,notevent,-250.89671234258176,-6.462284656578285,-14.977143885996327,1.7931356264916671,-12.530173138671977,9.821762475700071,-5.030415529556648,-5.965168049343722,2.4852683874923143,9.76270787561376
2011-07-07,nonevent,notevent,406.42616651948555,7.6066467280288315,-18.630685359698756,12.041784511870063,-3.0267908883109045,3.4042999818860817,3.1896200619886774,-7.0865726043217565,4.40915941422217,3.9037599096812565
2011-07-15,nonevent,notevent,14.005074941789864,103.31402973230286,26.953471795670463,-2.1274439072917013,-2.434271504080907,3.3889990657142834,-8.403638573943885,0.7178913848858927,0.7329312862381127,8.639520772836661
2011-07-21,II,event,-154.79675148580702,179.95200119032336,46.050872117350444,-0.3808977925848665,9.020425841840666,2.949505845600411,-16.866337893838157,-13.476325302236088,14.175621527094913,9.085248628611367
2011-08-02,Ib,event,396.6311614759,1.8115740660352901,-12.832451482219815,11.151636704124233,-3.888062843972033,13.74468252437931,-2.3134027769515253,-8.814852891716235,-5.665071083256736,1.516524796772435
2011-08-14,nonevent,notevent,244.19409214100045,9.095615622803091,-32.9340341186135,12.604055407710172,-4.9310491982816425,9.209878048336835,-2.6676811988749316,-2.991287582910403,0.9409684765752911,4.733333308659716
2011-08-16,nonevent,notevent,-111.35390281072569,17.105015747007084,-62.82341092326096,13.104845397719151,-8.86998463754012,7.4202380908182635,-0.9021586709404402,-0.14999220177183248,7.65800225971874,5.33194803432957
2011-08-18,nonevent,notevent,-205.22468051589124,67.59615062695161,51.71221629877427,1.9363355181992437,-9.447634902532817,7.546609837145335,-4.704652096067453,-6.851602131999221,6.130462993887366,4.006373279063298
2011-08-21,nonevent,notevent,-163.48604411702374,22.964541120596543,-8.803562756851427,23.81813590769312,-14.764222448074701,12.785929971311482,0.38471227576884237,1.6267611283275203,5.381982552738852,6.715855942107291
2011-08-22,nonevent,notevent,40.66256959338286,43.784392191171904,-52.20806498539319,39.20579045741232,-1.3586511953411786,7.863718779227005,-2.019619339863316,0.21543116788324992,6.302031212712728,-0.31723736499910743
